tiempo,potencia_q
1,8.72
2,7.918
3,7.308
4,6.954
5,7.646
6,7.534
7,7.221
8,7.653
9,8.089
10,7.277
11,7.488
12,6.383
13,5.442
14,5.347
15,5.536
16,5.233
17,7.384
18,6.881
19,8.159
20,7.768
21,7.849
22,8.454
23,7.672
24,7.761
25,7.935
26,8.601
27,6.503
28,4.141
29,4.546
30,5.112
31,6.769
32,7.366
33,7.192
34,7.764
35,7.032
36,7.388
37,8.412
38,8.436
39,6.782
40,7.883
41,7.263
42,8.211
43,8.674
44,7.824
45,8.064
46,7.948
47,7.434
48,6.159
49,4.884
50,4.582
51,4.851
52,4.388
53,4.682
54,5.092
55,4.924
56,5.288
57,5.247
58,5.483
59,5.795
60,5.322
61,6.822
62,6.722
63,7.227
64,8.419
65,7.778
66,8.566
67,8.592
68,8.54
69,7.856
70,7.898
71,9.056
72,7.996
73,9.412
74,8.43
75,7.391
76,7.826
77,7.352
78,7.786
79,7.971
80,8.387
81,9.897
82,9.244
83,9.188
84,9.354
85,9.656
86,10.096
87,9.928
88,10.616
89,9.741
90,9.6235
91,9.506
92,9.796
93,9.24
94,9.332
95,9.605
96,10.699
97,10.208
98,10.814
99,9.832
100,10.237
101,9.249
102,10.977
103,9.419
104,8.761
105,8.651
106,9.069
107,9.561
108,9.224
109,7.606
110,7.455
111,7.314
112,7.997
113,10.198
114,9.609
115,10.218
116,10.031
117,9.869
118,10.074
119,9.451
120,8.89
121,10.048
122,8.056
123,6.617
124,4.865
125,6.706
126,6.988
127,6.971
128,7.492
129,6.251
130,6.197
131,6.728
132,7.303
133,7.434
134,6.61
135,6.474
136,6.812
137,6.589
138,6.1
139,6.001
140,5.87
141,6.815
142,6.529
143,7.294
144,6.632
145,5.376
146,5.91
147,5.733
148,6.117
149,10.001
150,8.28
151,8.436
152,8.258
153,8.706
154,7.568
155,8.71
156,8.151
157,8.587
158,7.542
159,8.32
160,7.513
161,7.541
162,7.629
163,8.158
164,7.396
165,7.753
166,8.513
167,8.732
168,8.313
169,8.05
170,8.37
171,6.814
172,5.342
173,5.275
174,6.074
175,6.889
176,4.763
177,6.067
178,6.843
179,7.198
180,6.602
181,6.526
182,6.643
183,6.82
184,6.879
185,7.867
186,7.604
187,8.56
188,8.627
189,7.953
190,7.221
191,8.4
192,6.835
193,7.853
194,8.553
195,9.012
196,8.7
197,8.476
198,9.056
199,9.412
200,8.88
201,7.665
202,7.852
203,8.137
204,7.785
205,6.694
206,6.679
207,6.154
208,9.701
209,7.603
210,8.634
211,9.129
212,9.082
213,9.082
214,8.7
215,9.177
216,8.414
217,9.555
218,9.109
219,7.619
220,5.189
221,6.58
222,5.946
223,5.89
224,6.976
225,6.731
226,7.091
227,6.85
228,6.527
229,6.936
230,6.985
231,6.409
232,6.92
233,6.678
234,6.584
235,6.494
236,7.103
237,7.539
238,6.377
239,6.549
240,6.273
241,4.707
242,4.438
243,4.25
244,5.157
245,6.077
246,6.788
247,3.233
248,3.309
249,3.938
250,3.509
251,3.513
252,3.874
253,5.376
254,5.877
255,6.654
256,7.857
257,8.114
258,8.047
259,8.35
260,8.252
261,9.639
262,8.655
263,8.652
264,8.742
265,9.335
266,8.626
267,7.079
268,6.438
269,6.408
270,8.085
271,6.923
272,7.661
273,8.03
274,6.757
275,8.232
276,10.559
277,8.639
278,8.895
279,8.702
280,8.611
281,9.782
282,8.788
283,9.032
284,8.392
285,8.159
286,9.327
287,8.867
288,8.618
289,9.312
290,8.918
291,9.724
292,9.629
293,9.501
294,9.391
295,9.569
296,9.502
297,8.214
298,8.31
299,8.388
300,8.069
301,7.608
302,7.067
303,8.145
304,10.319
305,9.859
306,9.98
307,9.937
308,9.273
309,9.471
310,10.013
311,9.363
312,9.315
313,9.482
314,9.882
315,7.599
316,6.091
317,5.832
318,6.159
319,7.589
320,5.849
321,6.293
322,6.111
323,7.039
324,7.074
325,6.51
326,6.746
327,7.152
328,7.35
329,5.995
330,7.012
331,6.182
332,6.307
333,6.504
334,5.701
335,5.164
336,4.249
337,2.992
338,2.861
339,2.898
340,3.287
341,4.365
342,5.475
343,3.881
344,0
345,6.118
346,7.002
347,7.183
348,7.947
349,7.595
350,6.793
351,6.641
352,7.545
353,7.308
354,6.415
355,7.286
356,7.772
357,7.648
358,8.676
359,9.458
360,8.809
361,9.013
362,8.399
363,6.393
364,5.475
365,6.344
366,6.907
367,7.728
368,7.499
369,8.349
370,7.609
371,9.231
372,8.172
373,9.219
374,9.122
375,9.454
376,9.115
377,9.35
378,8.766
379,0
380,8.04
381,9.411
382,9.596
383,9.859
384,9.738
385,9.452
386,10.445
387,9.744
388,9.13
389,9.21
390,8.472
391,9.204
392,8.788
393,7.81
394,7.728
395,8.366
396,8.437
397,7.577
398,6.264
399,6.946
400,7.46
401,7.99
402,8.771
403,9.294
404,9.06
405,8.527
406,12.326
407,9.562
408,10.05
409,9.2
410,9.473
411,6.725
412,5.243
413,5.592
414,5.086
415,5.015
416,6.776
417,7.348
418,8.442
419,8.37
420,7.802
421,8.489
422,8.613
423,9.015
424,7.955
425,7.881
426,7.989
427,7.691
428,7.841
429,8.917
430,9.067
431,8.655
432,7.214
433,5.946
434,5.967
435,5.783
436,6.095
437,7.614
438,9.443
439,6.359
440,6.181
441,6.398
442,7.219
443,6.499
444,6.964
445,8.146
446,7.647
447,8.8
448,8.113
449,8.331
450,8.776
451,8.381
452,8.761
453,8.371
454,9.059
455,8.58
456,8.468
457,8.505
458,8.316
459,7.348
460,6.168
461,8.347
462,7.069
463,8.158
464,8.865
465,9.831
466,9.45
467,10.182
468,8.927
469,8.293
470,8.575
471,8.608
472,8.899
473,8.924
474,9.003
475,8.618
476,8.358
477,8.327
478,7.986
479,8.849
480,7.882
481,8.406
482,8.702
483,8.753
484,8.828
485,8.455
486,9.461
487,8.345
488,8.248
489,8.757
490,8.46
491,8.969
492,8.851
493,8.553
494,7.729
495,7.263
496,7.759
497,7.392
498,8.814
499,8.986
500,9.459
501,9.122
502,8.867
503,9.334
504,8.939
505,9.121
506,9.048
507,6.811
508,5.527
509,4.329
510,4.922
511,5.676
512,6.675
513,7.72
514,7.492
515,8.098
516,7.841
517,7.783
518,8.195
519,7.691
520,8.306
521,8.47
522,8.373
523,7.924
524,9.475
525,8.26
526,7.944
527,7.543
528,6.432
529,6.132
530,6.752
531,6.537
532,6.061
533,7.336
534,8.067
535,7.069
536,6.901
537,7.522
538,6.651
539,6.615
540,6.733
541,6.547
542,6.56
543,6.892
544,9.472
545,9.098
546,9.983
547,10.211
548,8.89
549,9.396
550,9.305
551,8.878
552,8.326
553,9.394
554,8.869
555,7.661
556,5.976
557,6.659
558,7.275
559,7.683
560,7.934
561,8.53
562,9.177
563,9.199
564,9.558
565,8.678
566,9.901
567,9.477
568,10.333
569,10.232
570,10.523
571,10.256
572,9.9
573,9.627
574,9.358
575,9.764
576,10.249
577,10.255
578,9.153
579,9.415
580,9.477
581,9.96
582,9.091
583,9.041
584,9.984
585,9.918
586,9.614
587,9.652
588,10.211
589,8.023
590,9.364
591,7.431
592,7.986
593,9.427
594,9.749
595,9.715
596,9.014
597,9.284
598,9.191
599,9.584
600,9.388
601,8.464
602,8.14
603,6.541
604,6.64
605,6.18
606,6.556
607,6.932
608,7.542
609,7.862
610,8.029
611,8.339
612,8.464
613,7.89
614,8.278
615,8.007
616,8.32
617,7.631
618,8.594
619,8.758
620,8.91
621,8.477
622,8.835
623,8.464
624,6.193
625,5.719
626,6.561
627,6.782
628,6.567
629,7.68
630,8.375
631,9.019
632,8.685
633,7.326
634,8.005
635,9.045
636,8.359
637,8.822
638,8.55
639,8.714
640,8.294
641,8.475
642,8.085
643,9.847
644,9.586
645,10.158
646,10.352
647,9.644
648,9.404
649,9.533
650,8.943
651,7.764
652,5.905
653,7.202
654,7.954
655,8.265
656,8.107
657,8.039
658,6.806
659,7.584
660,7.987
661,8.051
662,7.93
663,7.588
664,8.013
665,7.695
666,8.145
667,7.967
668,7.945
669,7.666
670,8.304
671,8.763
672,8.401
673,8.407
674,8.549
675,7.683
676,8.923
677,8.407
678,8.23
679,7.975
680,7.88
681,7.269
682,6.72
683,7.694
684,6.928
685,7.792
686,6.252
687,6.158
688,6.209
689,7.199
690,6.761
691,7.528
692,7.985
693,6.598
694,8.438
695,8.139
696,8.038
697,8.447
698,7.042
699,5.879
700,5.776
701,5.166
702,5.415
703,5.633
704,4.508
705,5.253
706,5.37
707,4.85
708,6.147
709,5.378
710,4.753
711,4.858
712,5.243
713,5.249
714,5.653
715,6.283
716,5.397
717,6.429
718,5.254
719,5.315
720,4.69
721,4.402
722,4.393
723,4.719
724,4.51
725,5.004
726,4.622
727,4.744
728,4.575
729,5.433
730,5.042
731,5.575
732,4.916
733,5.875
734,5.48
735,5.32
736,5.383
737,5.839
738,4.338
739,3.955
740,5.093
741,4.427
742,5.703
743,4.837
744,5.11
745,4.675
746,5.262
747,3.889
748,3.93
749,5.337
750,5.023
751,5.101
752,4.933
753,4.909
754,6.351
755,5.959
756,6.203
757,7.432
758,7.635
759,8.08
760,8.113
761,7.59
762,8.439
763,7.746
764,7.83
765,8.073
766,7.169
767,7.209
768,8.126
769,8.155
770,8.226
771,7.514
772,8.727
773,8.692
774,7.288
775,7.411
776,8.978
777,8.624
778,8.906
779,8.344
780,8.234
781,6.93
782,7.229
783,7.124
784,7.105
785,10.458
786,9.111
787,8.985
788,8.424
789,9.028
790,7.978
791,9.61
792,8.678
793,7.852
794,8.833
795,6.83
796,4.643
797,5.684
798,6.866
799,7.634
800,7.241
801,8.248
802,7.339
803,7.963
804,8.453
805,9.628
806,10.967
807,10.617
808,10.269
809,10.284
810,10.08
811,9.657
812,10.193
813,8.585
814,7.88
815,6.619
816,5.364
817,4.844
818,5.624
819,6.267
820,6.67
821,9.18
822,8.797
823,7.624
824,8.542
825,7.272
826,7.309
827,8.401
828,7.1
829,6.791
830,6.563
831,5.986
832,7.476
833,7.353
834,7.392
835,6.353
836,6.058
837,7.089
838,6.834
839,6.869
840,8.13
841,6.875
842,6.992
843,6.363
844,5.421
845,4.971
846,5.999
847,6.195
848,6.601
849,5.953
850,6.892
851,8.218
852,8.047
853,7.976
854,8.548
855,8.312
856,9.761
857,9.723
858,9.35
859,9.087
860,9.241
861,7.962
862,8.849
863,8.153
864,9.649
865,9.477
866,8.606
867,7.887
868,8.901
869,10.056
870,8.887
871,8.959
872,8.83
873,7.97
874,8.555
875,8.767
876,6.992
877,7.158
878,7.761
879,8.092
880,7.8
881,9.095
882,9.341
883,8.855
884,8.988
885,8.69
886,8.585
887,9.031
888,8.801
889,8.186
890,8.084
891,5.737
892,4.955
893,5.259
894,5.87
895,5.381
896,5.209
897,5.47
898,5.923
899,6.737
900,6.533
901,6.31
902,6.534
903,6.478
904,6.582
905,7.191
906,7.693
907,7.346
908,7.172
909,7.444
910,6.949
911,7.705
912,5.009
913,5.011
914,4.368
915,4.356
916,4.121
917,5.253
918,4.888
919,4.594
920,4.995
921,5.598
922,5.979
923,5.564
924,6.125
925,6.066
926,6.627
927,6.524
928,6.107
929,6.972
930,6.503
931,6.772
932,6.589
933,7.162
934,7.041
935,7.338
936,6.893
937,6.351
938,6.586
939,5.095
940,3.872
941,4.08
942,4.238
943,5.599
944,5.021
945,5.681
946,5.66
947,5.388
948,6.148
949,5.131
950,5.999
951,5.335
952,7.193
953,5.732
954,6.449
955,6.05
956,7.027
957,6.663
958,7.28
959,6.814
960,7.767
961,7.672
962,7.69
963,7.295
964,7.552
965,7.696
966,8.236
967,9.089
968,8.2
969,7.96
970,8.257
971,7.532
972,6.845
973,7.289
974,6.865
975,7.315
976,7.433
977,7.57
978,9.103
979,8.181
980,8.973
981,8.646
982,9.547
983,8.667
984,8.414
985,8.562
986,8.284
987,6.798
988,5.142
989,4.903
990,6.17
991,5.312
992,4.619
993,5.373
994,5.677
995,5.764
996,6.364
997,7.231
998,7.591
999,6.22
1000,8.099
1001,7.044
1002,7.081
1003,6.726
1004,7.119
1005,6.822
1006,7.049
1007,6.269
1008,5.671
1009,5.038
1010,4.383
1011,4.522
1012,4.607
1013,4.81
1014,5.51
1015,4.735
1016,3.532
1017,4.268
1018,4.942
1019,4.26
1020,3.712
1021,4.552
1022,3.992
1023,4.447
1024,5.304
1025,4.826
1026,5.648
1027,6.914
1028,6.481
1029,5.954
1030,5.957
1031,6.932
1032,5.907
1033,5.98
1034,6.84
1035,4.715
1036,3.231
1037,3.685
1038,4.815
1039,5.075
1040,5.714
1041,6.256
1042,8.337
1043,8.024
1044,8.407
1045,9.288
1046,8.721
1047,8.015
1048,8.763
1049,8.458
1050,10.12
1051,9.047
1052,9.012
1053,8.64
1054,9.295
1055,9.828
1056,9.054
1057,9.938
1058,8.718
1059,10.057
1060,10.292
1061,9.385
1062,10.588
1063,9.641
1064,9.285
1065,8.554
1066,8.441
1067,8.226
1068,8.354
1069,7.84
1070,7.937
1071,7.889
1072,7.804
1073,9.168
1074,8.741
1075,9.646
1076,10.055
1077,9.069
1078,9.017
1079,9.109
1080,9.14
1081,8.711
1082,9.115
1083,7.82
1084,5.865
1085,5.851
1086,6.542
1087,6.578
1088,5.853
1089,6.372
1090,6.11
1091,6.247
1092,6.39
1093,6.704
1094,6.335
1095,7.024
1096,5.234
1097,5.301
1098,5.365
1099,6.383
1100,6.496
1101,6.283
1102,6.047
1103,5.59
1104,5.292
1105,4.78
1106,4.82
1107,4.578
1108,4.121
1109,5.175
1110,5.036
1111,5.599
1112,6.196
1113,5.11
1114,5.378
1115,4.944
1116,4.22
1117,5.412
1118,4.807
1119,4.264
1120,4.624
1121,4.409
1122,6.937
1123,7.32
1124,6.11
1125,6.99
1126,6.453
1127,5.417
1128,5.666
1129,5.457
1130,6.441
1131,4.37
1132,4.194
1133,4.491
1134,4.873
1135,5.774
1136,5.812
1137,4.97
1138,6.334
1139,7.277
1140,7.761
1141,7.587
1142,8.039
1143,8.16
1144,8.601
1145,7.709
1146,9.132
1147,8.577
1148,9.341
1149,8.741
1150,8.081
1151,8.997
1152,9.011
1153,8.468
1154,7.838
1155,8.546
1156,9.519
1157,9.191
1158,8.452
1159,7.937
1160,7.692
1161,6.506
1162,6.371
1163,6.533
1164,5.829
1165,7.155
1166,7.71
1167,6.675
1168,7.609
1169,7.683
1170,8.338
1171,7.656
1172,8.646
1173,8.16
1174,7.954
1175,8.265
1176,8.045
1177,7.761
1178,7.746
1179,6.265
1180,5.994
1181,7.229
1182,6.843
1183,6.807
1184,7.19
1185,7.512
1186,6.934
1187,7.254
1188,6.822
1189,5.964
1190,7.005
1191,5.715
1192,6.646
1193,6.859
1194,6.496
1195,6.433
1196,6.167
1197,6.501
1198,5.157
1199,5.713
1200,5.639
1201,4.549
1202,4.041
1203,4.064
1204,3.769
1205,6.597
1206,6.617
1207,7.052
1208,7.567
1209,4.704
1210,5.556
1211,5.082
1212,4.425
1213,4.944
1214,5.164
1215,4.881
1216,5.513
1217,5.551
1218,7.905
1219,6.678
1220,7.413
1221,7.654
1222,7.431
1223,8.165
1224,7.31
1225,6.759
1226,7.009
1227,5.257
1228,4.176
1229,4.016
1230,4.615
1231,6.004
1232,6.404
1233,6.906
1234,7.027
1235,8.238
1236,7.693
1237,7.839
1238,8.234
1239,7.762
1240,8.032
1241,8.166
1242,8.732
1243,8.804
1244,9.107
1245,8.502
1246,7.633
1247,9.459
1248,6.775
1249,6.341
1250,7.338
1251,7.091
1252,6.795
1253,5.963
1254,5.685
1255,5.35
1256,5.847
1257,5.914
1258,5.171
1259,5.629
1260,5.837
1261,5.987
1262,6.115
1263,5.541
1264,5.169
1265,6.122
1266,6.499
1267,7.378
1268,6.412
1269,7.103
1270,7.068
1271,6.636
1272,6.255
1273,6.674
1274,6.25
1275,3.901
1276,3.484
1277,6.342
1278,4.308
1279,4.132
1280,4.783
1281,3.904
1282,4.082
1283,4.282
1284,4.494
1285,4.526
1286,4.489
1287,4.277
1288,4.494
1289,4.396
1290,4.166
1291,4.133
1292,4.483
1293,4.715
1294,4.143
1295,4.087
1296,3.422
1297,2.187
1298,1.964
1299,1.156
1300,1.862
1301,4.299
1302,3.463
1303,4.066
1304,3.765
1305,3.78
1306,4.11
1307,4.554
1308,4.604
1309,4.656
1310,4.51
1311,4.472
1312,4.356
1313,4.432
1314,4.901
1315,3.871
1316,5.1
1317,3.984
1318,3.979
1319,4.085
1320,4.022
1321,3.99
1322,3.43
1323,2.094
1324,0.87
1325,1.882
1326,2.849
1327,2.578
1328,2.742
1329,3.459
1330,4.166
1331,4.467
1332,5.035
1333,4.69
1334,4.717
1335,5.674
1336,5.238
1337,5.851
1338,4.784
1339,5.375
1340,4.669
1341,4.871
1342,5.13
1343,5.818
1344,5.849
1345,5.75
1346,4.956
1347,5.342
1348,5.809
1349,5.493
1350,5.847
1351,6.127
1352,6.008
1353,5.444
1354,5.116
1355,5.286
1356,4.616
1357,4.831
1358,4.251
1359,4.615
1360,4.561
1361,5.458
1362,5.115
1363,5.833
1364,5.173
1365,5.809
1366,4.809
1367,5.102
1368,5.546
1369,5.865
1370,5.323
1371,3.481
1372,3.735
1373,3.697
1374,3.578
1375,3.313
1376,3.065
1377,3.654
1378,3.306
1379,3.493
1380,3.508
1381,3.224
1382,3.013
1383,3.51
1384,3.416
1385,3.642
1386,3.551
1387,2.489
1388,2.774
1389,3.424
1390,3.585
1391,3.842
1392,2.056
1393,2.163
1394,1.997
1395,2.186
1396,2.142
1397,2.306
1398,2.202
1399,2.395
1400,3.208
1401,3.728
1402,3.587
1403,3.561
1404,3.428
1405,3.344
1406,3.105
1407,3.199
1408,3.233
1409,3.157
1410,3.573
1411,2.879
1412,3.471
1413,3.122
1414,3.088
1415,3.445
1416,3.581
1417,3.47
1418,3.102
1419,1.673
1420,1.681
1421,2.43
1422,2.058
1423,2.52
1424,3.795
1425,3.761
1426,4.262
1427,5.911
1428,6.389
1429,6.405
1430,6.388
1431,6.026
1432,6.344
1433,6.681
1434,7.061
1435,6.888
1436,6.399
1437,6.629
1438,5.391
1439,5.201
1440,5.484
1441,5.519
1442,5.83
1443,5.877
1444,5.952
1445,6.142
1446,5.297
1447,5.659
1448,5.315
1449,4.877
1450,5.153
1451,4.048
1452,4.683
1453,5.338
1454,5.11
1455,6.121
1456,5.727
1457,7.256
1458,6.692
1459,7.669
1460,7.12
1461,5.949
1462,6.103
1463,7.355
1464,7.661
1465,6.665
1466,6.119
1467,4.774
1468,4.013
1469,3.532
1470,2.899
1471,2.757
1472,2.967
1473,4.956
1474,3.233
1475,2.963
1476,3.291
1477,5.253
1478,5.172
1479,4.72
1480,5.127
1481,5.103
1482,5.284
1483,4.363
1484,4.732
1485,4.105
1486,3.822
1487,4.675
1488,4.671
1489,4.139
1490,3.776
1491,3.981
1492,3.539
1493,4.465
1494,6.045
1495,5.57
1496,5.252
1497,5.256
1498,5.881
1499,5.972
1500,5.551
1501,5.659
1502,5.572
1503,3.71
1504,3.784
1505,4.047
1506,5.015
1507,5.518
1508,5.016
1509,4.965
1510,5.367
1511,5.218
1512,5.911
1513,5.072
1514,5.67
1515,4.188
1516,3.213
1517,3.828
1518,3.972
1519,4.889
1520,5.645
1521,5.255
1522,6.06
1523,5.423
1524,5.928
1525,7.139
1526,6.354
1527,7.346
1528,7.182
1529,6.827
1530,7.521
1531,6.505
1532,6.168
1533,6.563
1534,6.066
1535,6.377
1536,6.29
1537,6.399
1538,6.953
1539,5.455
1540,6.519
1541,6.765
1542,6.227
1543,6.354
1544,5.723
1545,7.061
1546,6.625
1547,6.634
1548,6.396
1549,6.805
1550,6.631
1551,6.452
1552,6.709
1553,6.304
1554,6.219
1555,6.727
1556,6.957
1557,6.198
1558,6.34
1559,7.048
1560,7.149
1561,5.788
1562,6.934
1563,4.285
1564,3.874
1565,3.916
1566,3.619
1567,4.023
1568,5.478
1569,6.237
1570,6.781
1571,6.562
1572,6.027
1573,6.528
1574,5.797
1575,6.313
1576,5.486
1577,5.762
1578,6.802
1579,6.704
1580,6.198
1581,6.368
1582,5.657
1583,5.773
1584,4.98
1585,4.478
1586,4.63
1587,3.976
1588,6.126
1589,4.925
1590,5.897
1591,6.323
1592,5.908
1593,5.659
1594,5.99
1595,5.265
1596,5.764
1597,5.638
1598,6.093
1599,5.591
1600,5.684
1601,5.767
1602,4.745
1603,3.918
1604,4.255
1605,3.971
1606,5.608
1607,5.786
1608,6.722
1609,6.021
1610,5.363
1611,3.654
1612,2.786
1613,2.744
1614,3.047
1615,3.069
1616,3.172
1617,4.256
1618,4.875
1619,4.632
1620,4.713
1621,5.306
1622,4.888
1623,4.927
1624,5.078
1625,5.42
1626,5.924
1627,5.162
1628,5.167
1629,5.319
1630,5.231
1631,5.529
1632,5.096
1633,5.926
1634,5.509
1635,5.724
1636,5.718
1637,5.006
1638,4.348
1639,5.676
1640,5.565
1641,5.495
1642,4.903
1643,4.841
1644,4.845
1645,4.728
1646,5.844
1647,5.481
1648,5.447
1649,5.852
1650,6.097
1651,5.934
1652,5.271
1653,5.491
1654,6.249
1655,6.097
1656,5.351
1657,6.187
1658,5.648
1659,5.353
1660,6.378
1661,5.838
1662,5.99
1663,5.531
1664,5.986
1665,8.17
1666,6.334
1667,7.101
1668,7.095
1669,6.515
1670,6.021
1671,6.437
1672,5.607
1673,6.314
1674,5.659
1675,7.479
1676,6.81
1677,7.396
1678,5.76
1679,6.163
1680,5.264
1681,4.228
1682,3.362
1683,3.279
1684,2.287
1685,3.741
1686,4.614
1687,4.141
1688,4.8
1689,4.559
1690,4.947
1691,5.363
1692,6.105
1693,6.402
1694,6.815
1695,7.052
1696,5.538
1697,5.558
1698,5.172
1699,5.681
1700,5.162
1701,7.226
1702,7.682
1703,7.124
1704,7.39
1705,7.561
1706,7.366
1707,5.309
1708,4.084
1709,4.788
1710,5.373
1711,5.348
1712,5.442
1713,5.662
1714,5.851
1715,5.549
1716,5.439
1717,5.989
1718,6.129
1719,6.138
1720,7.591
1721,7.346
1722,7.031
1723,7.631
1724,8.217
1725,8.462
1726,7.899
1727,7.461
1728,7.576
1729,6.863
1730,7.36
1731,7.006
1732,7.929
1733,8.121
1734,7.573
1735,7.336
1736,7.016
1737,7.952
1738,7.2
1739,6.463
1740,7.596
1741,7.069
1742,7.102
1743,6.193
1744,6.916
1745,6.573
1746,6.271
1747,7.076
1748,6.686
1749,7.826
1750,7.415
1751,6.931
1752,7.435
1753,7.89
1754,7.473
1755,6.345
1756,6.409
1757,6.566
1758,5.861
1759,6.356
1760,8.1
1761,8.251
1762,6.805
1763,7.955
1764,7.738
1765,7.379
1766,7.43
1767,7.981
1768,7.618
1769,7.509
1770,6.186
1771,6.876
1772,6.747
1773,7.332
1774,6.198
1775,6.387
1776,4.913
1777,4.626
1778,3.739
1779,4.139
1780,7.029
1781,6.881
1782,7.555
1783,6.722
1784,8.032
1785,7.392
1786,6.072
1787,7.077
1788,5.285
1789,4.632
1790,3.604
1791,3.726
1792,4.516
1793,5.397
1794,4.482
1795,5.016
1796,5.306
1797,5.232
1798,4.885
1799,4.538
1800,5.632
1801,5.397
1802,6.338
1803,4.538
1804,4.542
1805,6.216
1806,5.548
1807,5.14
1808,5.797
1809,6.731
1810,5.885
1811,6.93
1812,7.573
1813,7.492
1814,7.396
1815,6.667
1816,6.981
1817,6.833
1818,7.325
1819,6.925
1820,7.459
1821,8.467
1822,8.282
1823,7.967
1824,8.863
1825,7.635
1826,8.703
1827,7.836
1828,8.367
1829,8.888
1830,8.684
1831,7.802
1832,7.468
1833,6.751
1834,6.659
1835,6.857
1836,7.3
1837,8.481
1838,7.902
1839,7.755
1840,7.334
1841,8.061
1842,8.824
1843,8.112
1844,7.775
1845,7.948
1846,8.409
1847,8.689
1848,8.002
1849,9.535
1850,8.181
1851,6.757
1852,6.962
1853,6.44
1854,7.233
1855,8.188
1856,7.859
1857,8.362
1858,8.704
1859,8.508
1860,7.665
1861,6.943
1862,7.275
1863,7.067
1864,7.459
1865,8.138
1866,7.666
1867,7.521
1868,7.854
1869,8.1
1870,8.255
1871,7.024
1872,5.566
1873,4.891
1874,4.7
1875,4.731
1876,5.329
1877,7.148
1878,7.738
1879,7.523
1880,8.147
1881,8.004
1882,7.618
1883,6.788
1884,7.077
1885,7.226
1886,7.153
1887,6.937
1888,7.208
1889,5.456
1890,5.963
1891,5.909
1892,5.828
1893,6.423
1894,5.698
1895,7.342
1896,7.891
1897,8.198
1898,7.053
1899,6.031
1900,4.913
1901,4.442
1902,4.497
1903,4.492
1904,0
1905,5.479
1906,6.802
1907,5.721
1908,6.232
1909,6.94
1910,7.286
1911,7.028
1912,7.712
1913,7.139
1914,6.414
1915,7.465
1916,7.412
1917,7.307
1918,7.169
1919,6.694
1920,7.444
1921,7.796
1922,7.189
1923,7.936
1924,7.197
1925,6.678
1926,7.029
1927,6.681
1928,6.492
1929,6.371
1930,6.751
1931,5.963
1932,6.777
1933,6.715
1934,6.646
1935,7.089
1936,6.721
1937,7.42
1938,7.247
1939,7.154
1940,7.212
1941,7.264
1942,7.021
1943,6.748
1944,7.253
1945,7.754
1946,7.108
1947,5.829
1948,5.871
1949,5.889
1950,6.824
1951,6.56
1952,7.063
1953,7.87
1954,7.919
1955,8.091
1956,8.275
1957,7.869
1958,7.235
1959,7.413
1960,8.323
1961,7.281
1962,8.13
1963,8.181
1964,7.922
1965,7.62
1966,7.132
1967,7.07
1968,6.053
1969,4.443
1970,4.502
1971,4.457
1972,4.702
1973,6.551
1974,6.977
1975,7.051
1976,6.703
1977,6.512
1978,7.026
1979,8.055
1980,8.052
1981,6.964
1982,6.732
1983,6.488
1984,7.569
1985,7.403
1986,7.923
1987,7.595
1988,6.756
1989,7.623
1990,7.744
1991,6.854
1992,6.779
1993,7.195
1994,7.679
1995,5.205
1996,4.372
1997,4.857
1998,5.175
1999,5.751
2000,5.093
2001,7.123
2002,6.951
2003,7.051
2004,6.898
2005,7.577
2006,7.703
2007,7.884
2008,7.482
2009,7.851
2010,7.06
2011,7.255
2012,7.634
2013,7.399
2014,7.08
2015,6.561
2016,6.964
2017,7.004
2018,6.79
2019,5.259
2020,6.09
2021,6.011
2022,6.697
2023,7.718
2024,7.814
2025,7.57
2026,7.299
2027,7.352
2028,6.689
2029,6.414
2030,6.857
2031,6.193
2032,5.545
2033,6.922
2034,7.248
2035,7.831
2036,6.918
2037,6.724
2038,6.893
2039,8.372
2040,6.875
2041,6.939
2042,7.658
2043,5.593
2044,6.814
2045,7.288
2046,7.698
2047,7.411
2048,8.795
2049,7.99
2050,7.617
2051,8.521
2052,8.47
2053,6.388
2054,6.998
2055,7.407
2056,7.003
2057,6.528
2058,7.875
2059,7.28
2060,6.443
2061,6.691
2062,6.793
2063,6.645
2064,5.813
2065,4.98
2066,4.866
2067,4.468
2068,4.945
2069,5.774
2070,6.497
2071,6.845
2072,5.088
2073,5.812
2074,6.012
2075,5.37
2076,4.884
2077,4.744
2078,5.396
2079,4.931
2080,4.938
2081,4.829
2082,4.7
2083,4.56
2084,6.221
2085,5.903
2086,6.312
2087,6.875
2088,6.57
2089,7.216
2090,6.748
2091,4.562
2092,3.703
2093,5.184
2094,4.811
2095,5.423
2096,6.231
2097,6.285
2098,6.211
2099,6.52
2100,8.01
2101,6.324
2102,7.853
2103,8.598
2104,8.241
2105,8.3
2106,8.561
2107,8.678
2108,8.112
2109,8.495
2110,7.648
2111,8.948
2112,8.773
2113,8.765
2114,7.925
2115,8.706
2116,8.986
2117,9.302
2118,8.312
2119,9.201
2120,8.467
2121,7.601
2122,7.036
2123,7.031
2124,7.46
2125,8.122
2126,7.446
2127,7.24
2128,6.57
2129,7.008
2130,7.299
2131,7.814
2132,8.616
2133,7.717
2134,8.795
2135,8.818
2136,8.143
2137,8.599
2138,8.905
2139,6.668
2140,5.958
2141,5.383
2142,5.477
2143,5.881
2144,7.589
2145,6.771
2146,5.488
2147,5.618
2148,5.911
2149,6.999
2150,6.132
2151,6.015
2152,6.051
2153,6.25
2154,5.7
2155,5.991
2156,5.34
2157,5.831
2158,5.475
2159,4.664
2160,4.637
2161,3.716
2162,3.415
2163,2.774
2164,3.007
2165,3.793
2166,4.641
2167,5.577
2168,5.164
2169,4.959
2170,4.291
2171,4.508
2172,4.852
2173,4.582
2174,5.046
2175,6.051
2176,5.148
2177,6.364
2178,6.02
2179,5.813
2180,5.912
2181,6.268
2182,5.378
2183,5.566
2184,6.104
2185,5.634
2186,5.702
2187,4.441
2188,4.087
2189,4.217
2190,4.332
2191,4.784
2192,6.157
2193,5.215
2194,5.135
2195,6.436
2196,6.521
2197,6.46
2198,7.051
2199,6.792
2200,7.01
2201,7.249
2202,7.198
2203,7.636
2204,7.099
2205,7.249
2206,6.764
2207,5.968
2208,6.056
2209,5.8
2210,5.54
2211,5.392
2212,5.935
2213,5.159
2214,5.207
2215,5.459
2216,6.034
2217,5.393
2218,5.468
2219,5.742
2220,6.368
2221,6.89
2222,7.569
2223,6.715
2224,6.917
2225,7.724
2226,7.449
2227,8.369
2228,8.093
2229,7.625
2230,7.821
2231,8.064
2232,7.787
2233,7.58
2234,7.635
2235,6.428
2236,6.03
2237,6.378
2238,6.475
2239,6.811
2240,7.559
2241,6.471
2242,6.001
2243,6.302
2244,6.165
2245,5.684
2246,5.872
2247,7.003
2248,6.135
2249,7.308
2250,7.249
2251,6.566
2252,7.401
2253,7.661
2254,6.791
2255,5.596
2256,5.29
2257,4.062
2258,3.856
2259,3.524
2260,3.578
2261,4.632
2262,6.222
2263,6.864
2264,7.216
2265,5.954
2266,5.967
2267,6.727
2268,7.445
2269,7.648
2270,7.661
2271,7.988
2272,6.028
2273,5.046
2274,5.201
2275,5.487
2276,5.823
2277,6.623
2278,6.795
2279,7.53
2280,8.08
2281,8.79
2282,9.172
2283,6.924
2284,6.34
2285,6.76
2286,6.828
2287,6.791
2288,6.422
2289,6.42
2290,6.049
2291,6.156
2292,6.68
2293,6.648
2294,6.748
2295,7.275
2296,7.019
2297,6.176
2298,6.131
2299,6.094
2300,7.391
2301,6.779
2302,7.07
2303,7.502
2304,6.285
2305,7.236
2306,7.703
2307,8.059
2308,8.06
2309,7.38
2310,8.082
2311,7.445
2312,8.18
2313,7.297
2314,7.056
2315,6.8
2316,6.721
2317,7.343
2318,7.527
2319,7.362
2320,6.515
2321,7.565
2322,8.248
2323,8.077
2324,7.808
2325,8.091
2326,8.427
2327,7.089
2328,8.09
2329,8.224
2330,7.574
2331,7.161
2332,6.741
2333,6.746
2334,7.152
2335,8.566
2336,7.616
2337,7.927
2338,7.635
2339,7.401
2340,6.758
2341,7.294
2342,7.141
2343,7.648
2344,7.536
2345,6.363
2346,6.469
2347,6.699
2348,6.569
2349,6.974
2350,7.255
2351,6.728
2352,4.714
2353,5.154
2354,5.11
2355,5.109
2356,6.348
2357,6.016
2358,6.504
2359,6.257
2360,7.451
2361,9.385
2362,9.048
2363,9.189
2364,8.083
2365,8.59
2366,8.659
2367,8.354
2368,7.909
2369,7.494
2370,8.02
2371,6.368
2372,7.764
2373,8.004
2374,9.689
2375,10.283
2376,10.227
2377,10.472
2378,9.197
2379,9.269
2380,7.225
2381,7.578
2382,8.275
2383,8.08
2384,7.736
2385,8.736
2386,8.118
2387,8.689
2388,8.561
2389,8.385
2390,8.678
2391,8.869
2392,7.895
2393,8.805
2394,8.095
2395,7.912
2396,8.678
2397,7.968
2398,8.397
2399,8.13
2400,7.961
2401,7.702
2402,7.712
2403,8.469
2404,8.503
2405,7.488
2406,7.978
2407,8.01
2408,7.372
2409,7.202
2410,6.992
2411,6.584
2412,6.733
2413,7.083
2414,7.265
2415,6.973
2416,7.335
2417,7.196
2418,7.805
2419,8.114
2420,8.105
2421,8.158
2422,7.919
2423,7.447
2424,7.985
2425,7.412
2426,5.769
2427,6.073
2428,6.154
2429,6.246
2430,6.96
2431,6.838
2432,6.826
2433,9.7
2434,7.671
2435,8.361
2436,7.973
2437,7.508
2438,7.325
2439,6.706
2440,7.5
2441,8.011
2442,5.829
2443,5.481
2444,6.318
2445,5.17
2446,5.477
2447,5.27
2448,4.728
2449,3.553
2450,3.676
2451,3.634
2452,5.444
2453,5.285
2454,6.794
2455,6.31
2456,5.777
2457,6.379
2458,6.548
2459,6.308
2460,5.637
2461,6.048
2462,6.423
2463,6.721
2464,6.147
2465,6.953
2466,5.753
2467,7.473
2468,7.982
2469,7.732
2470,8.398
2471,8.392
2472,7.959
2473,8.487
2474,8.081
2475,6.772
2476,6.998
2477,7.091
2478,8.145
2479,8.017
2480,7.707
2481,8.093
2482,7.826
2483,7.716
2484,7.73
2485,7.948
2486,8.706
2487,8.463
2488,7.509
2489,8.094
2490,8.724
2491,7.817
2492,7.928
2493,7.863
2494,8.561
2495,8.228
2496,7.89
2497,8.314
2498,8.058
2499,7.343
2500,7.738
2501,6.993
2502,6.897
2503,6.257
2504,7.299
2505,7.374
2506,7.721
2507,7.468
2508,8.068
2509,6.894
2510,7.115
2511,6.646
2512,7.188
2513,8.453
2514,7.436
2515,8.048
2516,7.772
2517,8.427
2518,8.34
2519,7.965
2520,8.343
2521,8.394
2522,7.641
2523,6.498
2524,6.515
2525,6.628
2526,7.171
2527,9.253
2528,5.567
2529,6.777
2530,6.151
2531,5.506
2532,6.356
2533,5.445
2534,5.724
2535,6.822
2536,5.673
2537,5.887
2538,5.015
2539,5.547
2540,5.868
2541,6.696
2542,6.052
2543,4.365
2544,4.047
2545,3.008
2546,2.999
2547,3.291
2548,3.227
2549,2.893
2550,3.168
2551,2.978
2552,3.135
2553,3.715
2554,3.674
2555,3.934
2556,3.364
2557,2.759
2558,3.068
2559,3.719
2560,3.885
2561,4.204
2562,4.092
2563,3.613
2564,3.641
2565,4.224
2566,4.247
2567,3.675
2568,4.199
2569,4.714
2570,3.714
2571,2.794
2572,4.725
2573,6.812
2574,6.636
2575,9.77
2576,8.394
2577,8.623
2578,9.548
2579,9.271
2580,9.105
2581,9.212
2582,8.903
2583,10.077
2584,9.117
2585,9.903
2586,9.046
2587,9.965
2588,8.797
2589,7.824
2590,8.059
2591,8.007
2592,8.908
2593,8.618
2594,8.704
2595,8.09
2596,8.675
2597,8.372
2598,8.792
2599,8.459
2600,8.857
2601,7.474
2602,7.13
2603,7.904
2604,8.106
2605,7.73
2606,7.382
2607,7.306
2608,7.904
2609,8.204
2610,8.447
2611,8.417
2612,9.111
2613,9.044
2614,9.186
2615,8.811
2616,9.407
2617,8.559
2618,8.585
2619,7.159
2620,6.788
2621,6.502
2622,8.083
2623,9.235
2624,7.539
2625,7.727
2626,6.759
2627,7.733
2628,7.236
2629,7.888
2630,7.715
2631,7.917
2632,6.654
2633,8.262
2634,7.637
2635,7.278
2636,7.352
2637,7.682
2638,7.585
2639,6.09
2640,5.611
2641,4.944
2642,4.679
2643,6.107
2644,4.696
2645,4.976
2646,6.471
2647,5.324
2648,4.823
2649,4.355
2650,3.915
2651,3.804
2652,4.473
2653,5.24
2654,4.683
2655,5.115
2656,4.764
2657,6.053
2658,6.821
2659,7.365
2660,7.491
2661,7.491
2662,7.135
2663,7.185
2664,7.357
2665,7.651
2666,6.329
2667,5.428
2668,5.398
2669,4.734
2670,5.989
2671,7.133
2672,7.924
2673,7.73
2674,8.318
2675,8.044
2676,9.188
2677,8.569
2678,8.489
2679,8.837
2680,8.727
2681,8.744
2682,8.846
2683,9.289
2684,0
2685,8.922
2686,8.726
2687,9.151
2688,8.231
