dia,mes,ano,feriado,fp,fs,hora,sem_pas,potencia
08,10,2021,1,1,0,0.5,6141.76405,5786.36821
08,10,2021,1,1,0,1,5962.88151,5631.71806
08,10,2021,1,1,0,1.5,5946.49385,5673.89964
08,10,2021,1,1,0,2,5889.59262,5524.91952
08,10,2021,1,1,0,2.5,5816.40304,5446.35796
08,10,2021,1,1,0,3,5774.58654,5452.98135
08,10,2021,1,1,0,3.5,5710.81703,5466.21781
08,10,2021,1,1,0,4,5776.30334,5421.68252
08,10,2021,1,1,0,4.5,5777.94379,5465.49681
08,10,2021,1,1,0,5,5751.43993,5603.23596
08,10,2021,1,1,0,5.5,5688.55381,5646.75021
08,10,2021,1,1,0,6,5662.61826,5587.17624
08,10,2021,1,1,0,6.5,5867.12676,5579.1671
08,10,2021,1,1,0,7,5907.94715,5592.15279
08,10,2021,1,1,0,7.5,5996.27181,5769.09872
08,10,2021,1,1,0,8,6281.1119,5874.21203
08,10,2021,1,1,0,8.5,6447.41263,6050.24303
08,10,2021,1,1,0,9,6652.99513,6217.51025
08,10,2021,1,1,0,9.5,6616.12489,6270.66152
08,10,2021,1,1,0,10,6715.12749,6257.73205
08,10,2021,1,1,0,10.5,6717.81505,6474.65849
08,10,2021,1,1,0,11,6774.76251,6398.93447
08,10,2021,1,1,0,11.5,6804.70792,6493.10801
08,10,2021,1,1,0,12,6900.15442,6449.91588
08,10,2021,1,1,0,12.5,6762.10642,6503.76259
08,10,2021,1,1,0,13,6790.2541,6445.64349
08,10,2021,1,1,0,13.5,6695.84302,6237.40127
08,10,2021,1,1,0,14,6613.32784,6277.21719
08,10,2021,1,1,0,14.5,6801.88557,6263.05896
08,10,2021,1,1,0,15,6779.18509,6245.64445
08,10,2021,1,1,0,15.5,6785.70391,6213.90929
08,10,2021,1,1,0,16,6756.38549,6113.90884
08,10,2021,1,1,0,16.5,6754.40942,6149.15333
08,10,2021,1,1,0,17,6585.38762,6041.18252
08,10,2021,1,1,0,17.5,6672.08182,6129.1034
08,10,2021,1,1,0,18,6684.20528,6216.89243
08,10,2021,1,1,0,18.5,6933.05831,6763.52213
08,10,2021,1,1,0,19,6906.60132,6789.66047
08,10,2021,1,1,0,19.5,6871.666,6906.6657
08,10,2021,1,1,0,20,6823.17603,6858.46878
08,10,2021,1,1,0,20.5,6773.11106,6813.86467
08,10,2021,1,1,0,21,6708.82656,6807.39777
08,10,2021,1,1,0,21.5,6613.75666,6726.438
08,10,2021,1,1,0,22,6456.97565,6563.61551
08,10,2021,1,1,0,22.5,6520.51853,6490.60643
08,10,2021,1,1,0,23,6288.40464,6176.14088
08,10,2021,1,1,0,23.5,6117.82812,6112.80622
09,10,2021,0,1,0,0,6031.05725,5990.48596
09,10,2021,0,1,0,0.5,5908.11116,5830.23109
09,10,2021,0,1,0,1,5771.27602,5727.41002
09,10,2021,0,1,0,1.5,5625.15983,5581.27816
09,10,2021,0,1,0,2,5603.88438,5494.12088
09,10,2021,0,1,0,2.5,5575.81115,5381.50288
09,10,2021,0,1,0,3,5570.43358,5485.15192
09,10,2021,0,1,0,3.5,5512.87983,5474.80065
09,10,2021,0,1,0,4,5552.75052,5515.06041
09,10,2021,0,1,0,4.5,5634.58043,5538.94415
09,10,2021,0,1,0,5,5660.04529,5577.16089
09,10,2021,0,1,0,5.5,5712.5043,5510.42483
09,10,2021,0,1,0,6,5644.72105,5485.99109
09,10,2021,0,1,0,6.5,5706.39507,5420.08213
09,10,2021,0,1,0,7,5756.29475,5604.9866
09,10,2021,0,1,0,7.5,5893.0319,5793.74317
09,10,2021,0,1,0,8,6061.73295,5951.89927
09,10,2021,0,1,0,8.5,6255.23764,6113.57841
09,10,2021,0,1,0,9,6408.50372,6289.08457
09,10,2021,0,1,0,9.5,6537.32863,6355.24687
09,10,2021,0,1,0,10,6602.28816,6521.44865
09,10,2021,0,1,0,10.5,6578.81301,6507.29777
09,10,2021,0,1,0,11,6696.82396,6548.66992
09,10,2021,0,1,0,11.5,6754.57972,6556.22908
09,10,2021,0,1,0,12,6621.62676,6569.38127
09,10,2021,0,1,0,12.5,6644.83043,6564.18449
09,10,2021,0,1,0,13,6657.07473,6413.85071
09,10,2021,0,1,0,13.5,6544.59797,6391.50282
09,10,2021,0,1,0,14,6501.43478,6433.33269
09,10,2021,0,1,0,14.5,6402.85369,6458.12757
09,10,2021,0,1,0,15,6497.73228,6407.21976
09,10,2021,0,1,0,15.5,6482.20355,6444.38177
09,10,2021,0,1,0,16,6294.02408,6353.49381
09,10,2021,0,1,0,16.5,6407.53239,6350.36386
09,10,2021,0,1,0,17,6228.90494,6302.24592
09,10,2021,0,1,0,17.5,6299.69037,6291.63932
09,10,2021,0,1,0,18,6475.80747,6366.27113
09,10,2021,0,1,0,18.5,6739.34183,6636.34057
09,10,2021,0,1,0,19,6793.04,6600.33754
09,10,2021,0,1,0,19.5,6786.34671,6653.39805
09,10,2021,0,1,0,20,6742.39959,6664.34201
09,10,2021,0,1,0,20.5,6724.80391,6581.56449
09,10,2021,0,1,0,21,6715.54716,6535.01797
09,10,2021,0,1,0,21.5,6764.04305,6606.18002
09,10,2021,0,1,0,22,6560.28409,6412.87274
09,10,2021,0,1,0,22.5,6533.98262,6394.78198
09,10,2021,0,1,0,23,6397.28003,6154.83365
09,10,2021,0,1,0,23.5,6207.34289,6030.59641
10,10,2021,0,1,0,0,6082.8292,5999.33763
10,10,2021,0,1,0,0.5,5983.19634,5796.73339
10,10,2021,0,1,0,1,5894.03293,5696.76589
10,10,2021,0,1,0,1.5,5722.01194,5567.27779
10,10,2021,0,1,0,2,5618.27464,5499.82751
10,10,2021,0,1,0,2.5,5575.07436,5538.53619
10,10,2021,0,1,0,3,5644.91328,5481.62697
10,10,2021,0,1,0,3.5,5604.83318,5501.77947
10,10,2021,0,1,0,4,5571.73413,5492.55055
10,10,2021,0,1,0,4.5,5626.72843,5418.66564
10,10,2021,0,1,0,5,5630.04382,5476.79255
10,10,2021,0,1,0,5.5,5528.19373,5506.45769
10,10,2021,0,1,0,6,5494.02189,5410.72758
10,10,2021,0,1,0,6.5,5286.37325,5309.83752
10,10,2021,0,1,0,7,5327.3417,5216.85327
10,10,2021,0,1,0,7.5,5303.34962,5353.68414
10,10,2021,0,1,0,8,5349.86274,5466.38539
10,10,2021,0,1,0,8.5,5487.11795,5591.87207
10,10,2021,0,1,0,9,5641.02008,5723.9466
10,10,2021,0,1,0,9.5,5661.87146,5801.76845
10,10,2021,0,1,0,10,5738.54179,5917.56326
10,10,2021,0,1,0,10.5,5848.15396,5950.76409
10,10,2021,0,1,0,11,5914.03036,6017.7603
10,10,2021,0,1,0,11.5,5952.74098,6058.56311
10,10,2021,0,1,0,12,5874.09076,6005.47799
10,10,2021,0,1,0,12.5,5965.44522,6015.56153
10,10,2021,0,1,0,13,5903.34215,6022.45731
10,10,2021,0,1,0,13.5,5916.71859,5997.04593
10,10,2021,0,1,0,14,5857.48117,6071.56366
10,10,2021,0,1,0,14.5,5894.79612,6045.03994
10,10,2021,0,1,0,15,5843.69128,6037.12161
10,10,2021,0,1,0,15.5,5828.88008,5981.59672
10,10,2021,0,1,0,16,5839.1855,5970.78361
10,10,2021,0,1,0,16.5,5832.10282,5920.60314
10,10,2021,0,1,0,17,5858.8216,5850.91209
10,10,2021,0,1,0,17.5,5938.68087,6048.06067
10,10,2021,0,1,0,18,6198.35128,6224.97875
10,10,2021,0,1,0,18.5,6589.66101999999,6568.95413
10,10,2021,0,1,0,19,6611.55224,6617.46738
10,10,2021,0,1,0,19.5,6640.51843,6604.96593
10,10,2021,0,1,0,20,6634.13921,6677.43778
10,10,2021,0,1,0,20.5,6685.30747,6567.6806
10,10,2021,0,1,0,21,6636.08199,6544.84673
10,10,2021,0,1,0,21.5,6535.40384,6394.08359
10,10,2021,0,1,0,22,6493.87031,6342.90199
10,10,2021,0,1,0,22.5,6283.1717,6031.62752
10,10,2021,0,1,0,23,6128.86348,5996.127
10,10,2021,0,1,0,23.5,6001.69136,5698.72265
11,10,2021,1,1,0,0,5713.56237,5631.87392
11,10,2021,1,1,0,0.5,5597.61569,5396.9267
11,10,2021,1,1,0,1,5636.28989,5353.9286
11,10,2021,1,1,0,1.5,5534.10017,5214.07719
11,10,2021,1,1,0,2,5395.18316,5179.15144
11,10,2021,1,1,0,2.5,5437.3305,5133.73578
11,10,2021,1,1,0,3,5422.32814,5078.63556
11,10,2021,1,1,0,3.5,5311.60173,5059.1627
11,10,2021,1,1,0,4,5406.881,5096.21963
11,10,2021,1,1,0,4.5,5437.9866,5177.72239
11,10,2021,1,1,0,5,5374.26743,5215.41678
11,10,2021,1,1,0,5.5,5580.51297,5320.76417
11,10,2021,1,1,0,6,5527.48874,5318.94151
11,10,2021,1,1,0,6.5,5631.00294,5347.45902
11,10,2021,1,1,0,7,5776.085,5474.0592
11,10,2021,1,1,0,7.5,6018.51495,5677.96205
11,10,2021,1,1,0,8,6190.29345,5996.61598
11,10,2021,1,1,0,8.5,6507.21433,6131.2256
11,10,2021,1,1,0,9,6635.98048,6289.63182
11,10,2021,1,1,0,9.5,6641.4532,6506.74197
11,10,2021,1,1,0,10,6720.28279,6568.50261
11,10,2021,1,1,0,10.5,6830.76851,6649.38419
11,10,2021,1,1,0,11,6770.61027,6587.87667
11,10,2021,1,1,0,11.5,6946.46431,6603.39473
11,10,2021,1,1,0,12,6934.22489,6722.24946
11,10,2021,1,1,0,12.5,6934.73813,6544.77088
11,10,2021,1,1,0,13,6770.53529,6471.15346
11,10,2021,1,1,0,13.5,6826.90587,6540.89685
11,10,2021,1,1,0,14,6854.50747,6470.57037
11,10,2021,1,1,0,14.5,6819.58798,6490.14498
11,10,2021,1,1,0,15,6875.87936,6569.16425
11,10,2021,1,1,0,15.5,6786.74,6545.83428
11,10,2021,1,1,0,16,6765.86105,6465.28139
11,10,2021,1,1,0,16.5,6843.11129,6585.64092
11,10,2021,1,1,0,17,6789.18251,6427.85462
11,10,2021,1,1,0,17.5,6674.1353,6563.03161
11,10,2021,1,1,0,18,6627.9917,6577.91613
11,10,2021,1,1,0,18.5,6895.86416,6706.55022
11,10,2021,1,1,0,19,6923.13498,6760.47615
11,10,2021,1,1,0,19.5,6926.39131,6733.4317
11,10,2021,1,1,0,20,6905.00163,6717.3116
11,10,2021,1,1,0,20.5,6881.311,6685.02285
11,10,2021,1,1,0,21,6860.12293,6650.4248
11,10,2021,1,1,0,21.5,6765.97696,6624.50172
11,10,2021,1,1,0,22,6635.97426,6473.33149
11,10,2021,1,1,0,22.5,6725.77168,6350.99763
11,10,2021,1,1,0,23,6394.68336,6047.39777
11,10,2021,1,1,0,23.5,6338.51594,5865.2496
12,10,2021,0,1,0,0,6154.84924,5871.0979
12,10,2021,0,1,0,0.5,5979.11706,5765.15754
12,10,2021,0,1,0,1,5893.19012,5594.28376
12,10,2021,0,1,0,1.5,5783.90244,5474.43456
12,10,2021,0,1,0,2,5638.94244,5448.02602
12,10,2021,0,1,0,2.5,5700.10384,5404.37694
12,10,2021,0,1,0,3,5580.67615,5402.28927
12,10,2021,0,1,0,3.5,5570.04107,5375.08314
12,10,2021,0,1,0,4,5644.24983,5315.37429
12,10,2021,0,1,0,4.5,5660.46732,5394.95299
12,10,2021,0,1,0,5,5627.89192,5450.62985
12,10,2021,0,1,0,5.5,5787.88758,5528.60559
12,10,2021,0,1,0,6,5799.69593,5483.87218
12,10,2021,0,1,0,6.5,5701.56992,5384.04666
12,10,2021,0,1,0,7,5806.27595,5545.7318
12,10,2021,0,1,0,7.5,5894.01713,5810.4282
12,10,2021,0,1,0,8,6220.92158,5949.58753
12,10,2021,0,1,0,8.5,6410.72348,6306.71219
12,10,2021,0,1,0,9,6553.00375,6462.06413
12,10,2021,0,1,0,9.5,6710.1154,6453.92675
12,10,2021,0,1,0,10,6751.91159,6632.12241
12,10,2021,0,1,0,10.5,6786.66769,6634.18781
12,10,2021,0,1,0,11,6858.1038,6694.97527
12,10,2021,0,1,0,11.5,6972.27098,6657.87252
12,10,2021,0,1,0,12,6859.22301,6760.46243
12,10,2021,0,1,0,12.5,6877.92674,6742.61668
12,10,2021,0,1,0,13,6845.9869,6580.94897
12,10,2021,0,1,0,13.5,6809.75981,6613.56422
12,10,2021,0,1,0,14,6725.91421,6601.1184
12,10,2021,0,1,0,14.5,6832.47389,6615.91842
12,10,2021,0,1,0,15,6911.58796,6696.25583
12,10,2021,0,1,0,15.5,6822.1131,6587.44845
12,10,2021,0,1,0,16,6855.25695,6678.39921
12,10,2021,0,1,0,16.5,6867.52928,6667.47134
12,10,2021,0,1,0,17,6838.1827,6553.46919
12,10,2021,0,1,0,17.5,6780.50989,6601.30881
12,10,2021,0,1,0,18,6545.50806,6418.54258
12,10,2021,0,1,0,18.5,6841.28745,6750.23032
12,10,2021,0,1,0,19,6858.92482,6757.01266
12,10,2021,0,1,0,19.5,6874.99549,6778.07249
12,10,2021,0,1,0,20,6884.36987,6799.88017
12,10,2021,0,1,0,20.5,6818.02774,6734.99696
12,10,2021,0,1,0,21,6846.12242,6695.62596
12,10,2021,0,1,0,21.5,6740.46493,6672.66248
12,10,2021,0,1,0,22,6621.34678,6483.24643
12,10,2021,0,1,0,22.5,6687.68705,6420.97327
12,10,2021,0,1,0,23,6452.30628,6195.09928
12,10,2021,0,1,0,23.5,6291.44373,5970.34377
13,10,2021,0,1,0,0,6110.6195,5853.49681
13,10,2021,0,1,0,0.5,5996.36601,5780.13776
13,10,2021,0,1,0,1,5892.58378,5655.57201
13,10,2021,0,1,0,1.5,5699.94802,5478.52129
13,10,2021,0,1,0,2,5751.33877,5549.13546
13,10,2021,0,1,0,2.5,5656.41185,5522.70952
13,10,2021,0,1,0,3,5679.24889,5401.54345
13,10,2021,0,1,0,3.5,5657.13237,5481.45538
13,10,2021,0,1,0,4,5650.59806,5380.86518
13,10,2021,0,1,0,4.5,5593.50594,5495.14172
13,10,2021,0,1,0,5,5789.97836,5467.83748
13,10,2021,0,1,0,5.5,5701.41721,5509.86253
13,10,2021,0,1,0,6,5651.92266,5543.10908
13,10,2021,0,1,0,6.5,5668.4485,5509.12215
13,10,2021,0,1,0,7,5841.38282,5675.77367
13,10,2021,0,1,0,7.5,6095.08713,5972.23052
13,10,2021,0,1,0,8,6209.41291,6014.54463
13,10,2021,0,1,0,8.5,6482.67168,6341.72766
13,10,2021,0,1,0,9,6612.3671,6326.71855
13,10,2021,0,1,0,9.5,6717.3646,6540.72935
13,10,2021,0,1,0,10,6767.6562,6637.56521
13,10,2021,0,1,0,10.5,6719.78401,6696.65603
13,10,2021,0,1,0,11,6822.16257,6763.65599
13,10,2021,0,1,0,11.5,6783.96242,6771.99416
13,10,2021,0,1,0,12,6765.50871,6765.26905
13,10,2021,0,1,0,12.5,6672.79705,6737.6714
13,10,2021,0,1,0,13,6632.34586,6544.49059
13,10,2021,0,1,0,13.5,6606.23667,6596.11163
13,10,2021,0,1,0,14,6657.7469,6636.7395
13,10,2021,0,1,0,14.5,6730.26503,6632.59459
13,10,2021,0,1,0,15,6789.33121,6727.57538
13,10,2021,0,1,0,15.5,6793.35422,6659.92953
13,10,2021,0,1,0,16,6785.17673,6599.15896
13,10,2021,0,1,0,16.5,6801.45454,6568.45823
13,10,2021,0,1,0,17,6749.76585,6569.89299
13,10,2021,0,1,0,17.5,6672.32072,6521.2879
13,10,2021,0,1,0,18,6580.2278,6429.71141
13,10,2021,0,1,0,18.5,6852.84704,6740.60628
13,10,2021,0,1,0,19,6844.2626,6776.69996
13,10,2021,0,1,0,19.5,6879.94752,6754.36115
13,10,2021,0,1,0,20,6858.73353,6818.21575
13,10,2021,0,1,0,20.5,6810.25491,6758.36941
13,10,2021,0,1,0,21,6773.6866,6702.02237
13,10,2021,0,1,0,21.5,6753.99315,6661.80933
13,10,2021,0,1,0,22,6687.68352,6485.26376
13,10,2021,0,1,0,22.5,6605.74776,6424.57544
13,10,2021,0,1,0,23,6417.72939,6249.01681
13,10,2021,0,1,0,23.5,6189.64716,6031.2731
14,10,2021,0,1,0,0,6031.60386,5855.91378
14,10,2021,0,1,0,0.5,6007.85217,5831.70194
14,10,2021,0,1,0,1,5863.41321,5609.69412
14,10,2021,0,1,0,1.5,5770.39111,5577.13713
14,10,2021,0,1,0,2,5639.6813,5577.73008
14,10,2021,0,1,0,2.5,5658.24114,5510.07903
14,10,2021,0,1,0,3,5650.2522,5441.44368
14,10,2021,0,1,0,3.5,5646.67719,5383.19127
14,10,2021,0,1,0,4,5589.01913,5378.79976
14,10,2021,0,1,0,4.5,5620.45495,5470.88922
14,10,2021,0,1,0,5,5737.61885,5497.75687
14,10,2021,0,1,0,5.5,5812.11461,5488.2836
14,10,2021,0,1,0,6,5761.07224,5596.55006
14,10,2021,0,1,0,6.5,5696.16202,5502.93714
14,10,2021,0,1,0,7,5755.74025,5590.47507
14,10,2021,0,1,0,7.5,6015.29927,5865.28871
14,10,2021,0,1,0,8,6152.40649,6009.56999
14,10,2021,0,1,0,8.5,6364.25885,6312.02904
14,10,2021,0,1,0,9,6482.92737,6351.52608
14,10,2021,0,1,0,9.5,6673.55002,6477.12469
14,10,2021,0,1,0,10,6712.26459,6541.27182
14,10,2021,0,1,0,10.5,6776.17743,6613.13537
14,10,2021,0,1,0,11,6852.14423,6721.77201
14,10,2021,0,1,0,11.5,6821.4262,6714.26538
14,10,2021,0,1,0,12,6910.31823,6768.0089
14,10,2021,0,1,0,12.5,6778.75129,6730.74607
14,10,2021,0,1,0,13,6735.23604,6604.53316
14,10,2021,0,1,0,13.5,6646.95201,6590.81872
14,10,2021,0,1,0,14,6604.86865,6621.53788
14,10,2021,0,1,0,14.5,6631.68162,6684.57373
14,10,2021,0,1,0,15,6665.56135,6659.32748
14,10,2021,0,1,0,15.5,6615.48512,6648.35978
14,10,2021,0,1,0,16,6575.44023,6555.96858
14,10,2021,0,1,0,16.5,6557.4552,6647.75527
14,10,2021,0,1,0,17,6513.86042,6565.41839
14,10,2021,0,1,0,17.5,6579.08864,6446.76808
14,10,2021,0,1,0,18,6521.69513,6362.88364
14,10,2021,0,1,0,18.5,6913.00721,6796.805
14,10,2021,0,1,0,19,6930.81503,6842.06717
14,10,2021,0,1,0,19.5,6910.06201,6832.11442
14,10,2021,0,1,0,20,6896.10921,6742.1159
14,10,2021,0,1,0,20.5,6779.74814,6760.79196
14,10,2021,0,1,0,21,6775.551,6697.39443
14,10,2021,0,1,0,21.5,6635.77507,6617.38111
14,10,2021,0,1,0,22,6534.09644,6465.82139
14,10,2021,0,1,0,22.5,6392.65722,6304.01964
14,10,2021,0,1,0,23,6227.74064,6212.77984
14,10,2021,0,1,0,23.5,6085.17993,6088.08544
15,10,2021,0,1,0,0,5934.89861,5954.66958
15,10,2021,0,1,0,0.5,5786.36821,5762.86272
15,10,2021,0,1,0,1,5631.71806,5670.5408
15,10,2021,0,1,0,1.5,5673.89964,5607.95242
15,10,2021,0,1,0,2,5524.91952,5496.93765
15,10,2021,0,1,0,2.5,5446.35796,5513.18532
15,10,2021,0,1,0,3,5452.98135,5459.66935
15,10,2021,0,1,0,3.5,5466.21781,5314.29797
15,10,2021,0,1,0,4,5421.68252,5475.51631
15,10,2021,0,1,0,4.5,5465.49681,5448.48917
15,10,2021,0,1,0,5,5603.23596,5483.30962
15,10,2021,0,1,0,5.5,5646.75021,5517.11306
15,10,2021,0,1,0,6,5587.17624,5476.38844
15,10,2021,0,1,0,6.5,5579.1671,5444.2235
15,10,2021,0,1,0,7,5592.15279,5579.07773
15,10,2021,0,1,0,7.5,5769.09872,5861.69895
15,10,2021,0,1,0,8,5874.21203,5991.24294
15,10,2021,0,1,0,8.5,6050.24303,6299.06274
15,10,2021,0,1,0,9,6217.51025,6273.33866
15,10,2021,0,1,0,9.5,6270.66152,6374.56942
15,10,2021,0,1,0,10,6257.73205,6545.92208
15,10,2021,0,1,0,10.5,6474.65849,6521.22175
15,10,2021,0,1,0,11,6398.93447,6677.18663
15,10,2021,0,1,0,11.5,6493.10801,6609.03747
15,10,2021,0,1,0,12,6449.91588,6586.8064
15,10,2021,0,1,0,12.5,6503.76259,6577.35086
15,10,2021,0,1,0,13,6445.64349,6471.23862
15,10,2021,0,1,0,13.5,6237.40127,6442.68096
15,10,2021,0,1,0,14,6277.21719,6452.95104
15,10,2021,0,1,0,14.5,6263.05896,6492.95773
15,10,2021,0,1,0,15,6245.64445,6439.14274
15,10,2021,0,1,0,15.5,6213.90929,6465.78225
15,10,2021,0,1,0,16,6113.90884,6461.51684
15,10,2021,0,1,0,16.5,6149.15333,6380.6141
15,10,2021,0,1,0,17,6041.18252,6353.24864
15,10,2021,0,1,0,17.5,6129.1034,6269.84671
15,10,2021,0,1,0,18,6216.89243,6071.14652
15,10,2021,0,1,0,18.5,6763.52213,6550.42535
15,10,2021,0,1,0,19,6789.66047,6606.00087
15,10,2021,0,1,0,19.5,6906.6657,6586.81417
15,10,2021,0,1,0,20,6858.46878,6567.02243
15,10,2021,0,1,0,20.5,6813.86467,6578.68215
15,10,2021,0,1,0,21,6807.39777,6518.15094
15,10,2021,0,1,0,21.5,6726.438,6498.09444
15,10,2021,0,1,0,22,6563.61551,6386.8512
15,10,2021,0,1,0,22.5,6490.60643,6303.47562
15,10,2021,0,1,0,23,6176.14088,5976.29336
15,10,2021,0,1,0,23.5,6112.80622,5935.25963
16,10,2021,0,1,0,0,5990.48596,5788.77328
16,10,2021,0,1,0,0.5,5830.23109,5693.87825
16,10,2021,0,1,0,1,5727.41002,5547.60578
16,10,2021,0,1,0,1.5,5581.27816,5537.77481
16,10,2021,0,1,0,2,5494.12088,5412.85809
16,10,2021,0,1,0,2.5,5381.50288,5407.35618
16,10,2021,0,1,0,3,5485.15192,5409.41077
16,10,2021,0,1,0,3.5,5474.80065,5386.8918
16,10,2021,0,1,0,4,5515.06041,5380.75032
16,10,2021,0,1,0,4.5,5538.94415,5437.80228
16,10,2021,0,1,0,5,5577.16089,5465.31821
16,10,2021,0,1,0,5.5,5510.42483,5456.26843
16,10,2021,0,1,0,6,5485.99109,5419.45927
16,10,2021,0,1,0,6.5,5420.08213,5399.37722
16,10,2021,0,1,0,7,5604.9866,5495.89486
16,10,2021,0,1,0,7.5,5793.74317,5671.36494
16,10,2021,0,1,0,8,5951.89927,5816.63512
16,10,2021,0,1,0,8.5,6113.57841,6027.61449
16,10,2021,0,1,0,9,6289.08457,6276.11495
16,10,2021,0,1,0,9.5,6355.24687,6377.07473
16,10,2021,0,1,0,10,6521.44865,6310.21854
16,10,2021,0,1,0,10.5,6507.29777,6424.29857
16,10,2021,0,1,0,11,6548.66992,6560.44344
16,10,2021,0,1,0,11.5,6556.22908,6603.59519
16,10,2021,0,1,0,12,6569.38127,6569.09944
16,10,2021,0,1,0,12.5,6564.18449,6460.39016
16,10,2021,0,1,0,13,6413.85071,6397.34846
16,10,2021,0,1,0,13.5,6391.50282,6356.9856
16,10,2021,0,1,0,14,6433.33269,6284.90207
16,10,2021,0,1,0,14.5,6458.12757,6288.63659
16,10,2021,0,1,0,15,6407.21976,6318.33179
16,10,2021,0,1,0,15.5,6444.38177,6297.96283
16,10,2021,0,1,0,16,6353.49381,6259.35645
16,10,2021,0,1,0,16.5,6350.36386,6166.8923
16,10,2021,0,1,0,17,6302.24592,6092.26467
16,10,2021,0,1,0,17.5,6291.63932,6182.96291
16,10,2021,0,1,0,18,6366.27113,6166.28779
16,10,2021,0,1,0,18.5,6636.34057,6589.45796
16,10,2021,0,1,0,19,6600.33754,6657.37621
16,10,2021,0,1,0,19.5,6653.39805,6580.66486
16,10,2021,0,1,0,20,6664.34201,6567.23663
16,10,2021,0,1,0,20.5,6581.56449,6499.93154
16,10,2021,0,1,0,21,6535.01797,6486.1769
16,10,2021,0,1,0,21.5,6606.18002,6503.65146
16,10,2021,0,1,0,22,6412.87274,6332.89581
16,10,2021,0,1,0,22.5,6394.78198,6264.24661
16,10,2021,0,1,0,23,6154.83365,6050.71443
16,10,2021,0,1,0,23.5,6030.59641,5887.89632
17,10,2021,0,1,0,0,5999.33763,5803.07447
17,10,2021,0,1,0,0.5,5796.73339,5713.83766
17,10,2021,0,1,0,1,5696.76589,5607.62263
17,10,2021,0,1,0,1.5,5567.27779,5502.86401
17,10,2021,0,1,0,2,5499.82751,5428.95297
17,10,2021,0,1,0,2.5,5538.53619,5376.82262
17,10,2021,0,1,0,3,5481.62697,5321.07045
17,10,2021,0,1,0,3.5,5501.77947,5312.16955
17,10,2021,0,1,0,4,5492.55055,5314.06587
17,10,2021,0,1,0,4.5,5418.66564,5269.90644
17,10,2021,0,1,0,5,5476.79255,5301.67974
17,10,2021,0,1,0,5.5,5506.45769,5272.8423
17,10,2021,0,1,0,6,5410.72758,5117.87859
17,10,2021,0,1,0,6.5,5309.83752,5012.61572
17,10,2021,0,1,0,7,5216.85327,4961.37534
17,10,2021,0,1,0,7.5,5353.68414,5101.04945
17,10,2021,0,1,0,8,5466.38539,5201.80944
17,10,2021,0,1,0,8.5,5591.87207,5328.33774
17,10,2021,0,1,0,9,5723.9466,5381.18907
17,10,2021,0,1,0,9.5,5801.76845,5497.64617
17,10,2021,0,1,0,10,5917.56326,5560.33332
17,10,2021,0,1,0,10.5,5950.76409,5583.96841
17,10,2021,0,1,0,11,6017.7603,5704.04464
17,10,2021,0,1,0,11.5,6058.56311,5768.04945
17,10,2021,0,1,0,12,6005.47799,5655.52647
17,10,2021,0,1,0,12.5,6015.56153,5721.36305
17,10,2021,0,1,0,13,6022.45731,5765.94
17,10,2021,0,1,0,13.5,5997.04593,5637.45265
17,10,2021,0,1,0,14,6071.56366,5625.3574
17,10,2021,0,1,0,14.5,6045.03994,5645.45407
17,10,2021,0,1,0,15,6037.12161,5616.23211
17,10,2021,0,1,0,15.5,5981.59672,5527.18503
17,10,2021,0,1,0,16,5970.78361,5501.12189
17,10,2021,0,1,0,16.5,5920.60314,5558.41097
17,10,2021,0,1,0,17,5850.91209,5491.85068
17,10,2021,0,1,0,17.5,6048.06067,5594.18873
17,10,2021,0,1,0,18,6224.97875,5748.5131
17,10,2021,0,1,0,18.5,6568.95413,6219.9588
17,10,2021,0,1,0,19,6617.46738,6344.6038
17,10,2021,0,1,0,19.5,6604.96593,6422.58206
17,10,2021,0,1,0,20,6677.43778,6412.09278
17,10,2021,0,1,0,20.5,6567.6806,6406.32389
17,10,2021,0,1,0,21,6544.84673,6348.00585
17,10,2021,0,1,0,21.5,6394.08359,6161.50696
17,10,2021,0,1,0,22,6342.90199,6057.01024
17,10,2021,0,1,0,22.5,6031.62752,5863.51104
17,10,2021,0,1,0,23,5996.127,5722.79425
17,10,2021,0,1,0,23.5,5698.72265,5512.58148
18,10,2021,0,1,0,0,5631.87392,5372.21944
18,10,2021,0,1,0,0.5,5396.9267,5250.8527
18,10,2021,0,1,0,1,5353.9286,5247.56721
18,10,2021,0,1,0,1.5,5214.07719,5192.95252
18,10,2021,0,1,0,2,5179.15144,5105.32828
18,10,2021,0,1,0,2.5,5133.73578,5063.56376
18,10,2021,0,1,0,3,5078.63556,4974.25328
18,10,2021,0,1,0,3.5,5059.1627,4980.47745
18,10,2021,0,1,0,4,5096.21963,5040.78633
18,10,2021,0,1,0,4.5,5177.72239,4995.79962
18,10,2021,0,1,0,5,5215.41678,5087.12638
18,10,2021,0,1,0,5.5,5320.76417,5154.51269
18,10,2021,0,1,0,6,5318.94151,5186.8632
18,10,2021,0,1,0,6.5,5347.45902,5300.02306
18,10,2021,0,1,0,7,5474.0592,5460.34361
18,10,2021,0,1,0,7.5,5677.96205,5808.47177
18,10,2021,0,1,0,8,5996.61598,6011.1246
18,10,2021,0,1,0,8.5,6131.2256,6336.85905
18,10,2021,0,1,0,9,6289.63182,6465.9641
18,10,2021,0,1,0,9.5,6506.74197,6482.20903
18,10,2021,0,1,0,10,6568.50261,6531.04033
18,10,2021,0,1,0,10.5,6649.38419,6721.81708
18,10,2021,0,1,0,11,6587.87667,6733.36119
18,10,2021,0,1,0,11.5,6603.39473,6897.53054
18,10,2021,0,1,0,12,6722.24946,6803.88369
18,10,2021,0,1,0,12.5,6544.77088,6898.33855
18,10,2021,0,1,0,13,6471.15346,6743.65748
18,10,2021,0,1,0,13.5,6540.89685,6776.33054
18,10,2021,0,1,0,14,6470.57037,6704.96261
18,10,2021,0,1,0,14.5,6490.14498,6890.11884
18,10,2021,0,1,0,15,6569.16425,6766.24779
18,10,2021,0,1,0,15.5,6545.83428,6847.84818
18,10,2021,0,1,0,16,6465.28139,6801.73326
18,10,2021,0,1,0,16.5,6585.64092,6776.74425
18,10,2021,0,1,0,17,6427.85462,6710.59386
18,10,2021,0,1,0,17.5,6563.03161,6610.05398
18,10,2021,0,1,0,18,6577.91613,6526.00652
18,10,2021,0,1,0,18.5,6706.55022,6857.41799
18,10,2021,0,1,0,19,6760.47615,6892.48033
18,10,2021,0,1,0,19.5,6733.4317,6910.36663
18,10,2021,0,1,0,20,6717.3116,6868.63743
18,10,2021,0,1,0,20.5,6685.02285,6851.90554
18,10,2021,0,1,0,21,6650.4248,6786.54244
18,10,2021,0,1,0,21.5,6624.50172,6771.4537
18,10,2021,0,1,0,22,6473.33149,6683.57761
18,10,2021,0,1,0,22.5,6350.99763,6686.2855
18,10,2021,0,1,0,23,6047.39777,6347.09675
18,10,2021,0,1,0,23.5,5865.2496,6247.54102
19,10,2021,0,1,0,0,5871.0979,6031.27325
19,10,2021,0,1,0,0.5,5765.15754,5892.84423
19,10,2021,0,1,0,1,5594.28376,5900.39989
19,10,2021,0,1,0,1.5,5474.43456,5727.12462
19,10,2021,0,1,0,2,5448.02602,5639.13538
19,10,2021,0,1,0,2.5,5404.37694,5658.86435
19,10,2021,0,1,0,3,5402.28927,5710.46166
19,10,2021,0,1,0,3.5,5375.08314,5590.35356
19,10,2021,0,1,0,4,5315.37429,5627.76873
19,10,2021,0,1,0,4.5,5394.95299,5662.16352
19,10,2021,0,1,0,5,5450.62985,5761.87216
19,10,2021,0,1,0,5.5,5528.60559,5840.61356
19,10,2021,0,1,0,6,5483.87218,5815.35529
19,10,2021,0,1,0,6.5,5384.04666,5844.1671
19,10,2021,0,1,0,7,5545.7318,5817.77826
19,10,2021,0,1,0,7.5,5810.4282,6155.13384
19,10,2021,0,1,0,8,5949.58753,6233.42006
19,10,2021,0,1,0,8.5,6306.71219,6362.73185
19,10,2021,0,1,0,9,6462.06413,6514.62065
19,10,2021,0,1,0,9.5,6453.92675,6640.71972
19,10,2021,0,1,0,10,6632.12241,6672.73465
19,10,2021,0,1,0,10.5,6634.18781,6759.02345
19,10,2021,0,1,0,11,6694.97527,6802.70083
19,10,2021,0,1,0,11.5,6657.87252,6737.46498
19,10,2021,0,1,0,12,6760.46243,6849.56438
19,10,2021,0,1,0,12.5,6742.61668,6748.33762
19,10,2021,0,1,0,13,6580.94897,6740.46232
19,10,2021,0,1,0,13.5,6613.56422,6711.01248
19,10,2021,0,1,0,14,6601.1184,6761.3086
19,10,2021,0,1,0,14.5,6615.91842,6812.21711
19,10,2021,0,1,0,15,6696.25583,6738.95936
19,10,2021,0,1,0,15.5,6587.44845,6825.57277
19,10,2021,0,1,0,16,6678.39921,6828.49069
19,10,2021,0,1,0,16.5,6667.47134,6848.30259
19,10,2021,0,1,0,17,6553.46919,6744.88951
19,10,2021,0,1,0,17.5,6601.30881,6785.67628
19,10,2021,0,1,0,18,6418.54258,6658.17144
19,10,2021,0,1,0,18.5,6750.23032,6825.84382
19,10,2021,0,1,0,19,6757.01266,6848.45252
19,10,2021,0,1,0,19.5,6778.07249,6888.07662
19,10,2021,0,1,0,20,6799.88017,6869.7617
19,10,2021,0,1,0,20.5,6734.99696,6817.49918
19,10,2021,0,1,0,21,6695.62596,6801.79779
19,10,2021,0,1,0,21.5,6672.66248,6841.20237
19,10,2021,0,1,0,22,6483.24643,6685.46809
19,10,2021,0,1,0,22.5,6420.97327,6574.57045
19,10,2021,0,1,0,23,6195.09928,6441.94802
19,10,2021,0,1,0,23.5,5970.34377,6281.20489
20,10,2021,0,1,0,0,5853.49681,6129.60834
20,10,2021,0,1,0,0.5,5780.13776,5976.73292
20,10,2021,0,1,0,1,5655.57201,5824.44287
20,10,2021,0,1,0,1.5,5478.52129,5860.71911
20,10,2021,0,1,0,2,5549.13546,5765.32402
20,10,2021,0,1,0,2.5,5522.70952,5645.03881
20,10,2021,0,1,0,3,5401.54345,5725.86655
20,10,2021,0,1,0,3.5,5481.45538,5748.6106
20,10,2021,0,1,0,4,5380.86518,5699.38318
20,10,2021,0,1,0,4.5,5495.14172,5846.42739
20,10,2021,0,1,0,5,5467.83748,5834.40465
20,10,2021,0,1,0,5.5,5509.86253,5889.21537
20,10,2021,0,1,0,6,5543.10908,5854.46155
20,10,2021,0,1,0,6.5,5509.12215,5926.50803
20,10,2021,0,1,0,7,5675.77367,5849.73806
20,10,2021,0,1,0,7.5,5972.23052,6158.91146
20,10,2021,0,1,0,8,6014.54463,6305.41492
20,10,2021,0,1,0,8.5,6341.72766,6547.38381
20,10,2021,0,1,0,9,6326.71855,6729.84584
20,10,2021,0,1,0,9.5,6540.72935,6781.99738
20,10,2021,0,1,0,10,6637.56521,6829.77839
20,10,2021,0,1,0,10.5,6696.65603,6957.46361
20,10,2021,0,1,0,11,6763.65599,6933.50047
20,10,2021,0,1,0,11.5,6771.99416,7078.86262
20,10,2021,0,1,0,12,6765.26905,6967.78899
20,10,2021,0,1,0,12.5,6737.6714,6961.10433
20,10,2021,0,1,0,13,6544.49059,6844.97312
20,10,2021,0,1,0,13.5,6596.11163,6833.18689
20,10,2021,0,1,0,14,6636.7395,6921.1023
20,10,2021,0,1,0,14.5,6632.59459,6994.26073
20,10,2021,0,1,0,15,6727.57538,6951.05682
20,10,2021,0,1,0,15.5,6659.92953,7001.59643
20,10,2021,0,1,0,16,6599.15896,6927.60241
20,10,2021,0,1,0,16.5,6568.45823,6904.47289
20,10,2021,0,1,0,17,6569.89299,6780.2739
20,10,2021,0,1,0,17.5,6521.2879,6691.94727
20,10,2021,0,1,0,18,6429.71141,6700.85574
20,10,2021,0,1,0,18.5,6740.60628,6956.15136
20,10,2021,0,1,0,19,6776.69996,6982.14423
20,10,2021,0,1,0,19.5,6754.36115,6982.01009
20,10,2021,0,1,0,20,6818.21575,6954.92283
20,10,2021,0,1,0,20.5,6758.36941,6986.63635
20,10,2021,0,1,0,21,6702.02237,6937.0506
20,10,2021,0,1,0,21.5,6661.80933,6964.1433
20,10,2021,0,1,0,22,6485.26376,6808.80697
20,10,2021,0,1,0,22.5,6424.57544,6740.72423
20,10,2021,0,1,0,23,6249.01681,6471.94451
20,10,2021,0,1,0,23.5,6031.2731,6400.91771
21,10,2021,0,1,0,0,5855.91378,6258.23089
21,10,2021,0,1,0,0.5,5831.70194,6099.14359
21,10,2021,0,1,0,1,5609.69412,6009.27928
21,10,2021,0,1,0,1.5,5577.13713,5936.01034
21,10,2021,0,1,0,2,5577.73008,5740.4254
21,10,2021,0,1,0,2.5,5510.07903,5703.98176
21,10,2021,0,1,0,3,5441.44368,5793.71135
21,10,2021,0,1,0,3.5,5383.19127,5698.05463
21,10,2021,0,1,0,4,5378.79976,5839.57374
21,10,2021,0,1,0,4.5,5470.88922,5776.23275
21,10,2021,0,1,0,5,5497.75687,5889.15574
21,10,2021,0,1,0,5.5,5488.2836,5923.18101
21,10,2021,0,1,0,6,5596.55006,5871.01059
21,10,2021,0,1,0,6.5,5502.93714,5948.2515
21,10,2021,0,1,0,7,5590.47507,6010.17063
21,10,2021,0,1,0,7.5,5865.28871,6200.78273
21,10,2021,0,1,0,8,6009.56999,6295.11626
21,10,2021,0,1,0,8.5,6312.02904,6520.93515
21,10,2021,0,1,0,9,6351.52608,6636.80452
21,10,2021,0,1,0,9.5,6477.12469,6735.86048
21,10,2021,0,1,0,10,6541.27182,6818.69875
21,10,2021,0,1,0,10.5,6613.13537,6911.94332
21,10,2021,0,1,0,11,6721.77201,6943.3545
21,10,2021,0,1,0,11.5,6714.26538,7047.1052
21,10,2021,0,1,0,12,6768.0089,6938.85244
21,10,2021,0,1,0,12.5,6730.74607,6856.60968
21,10,2021,0,1,0,13,6604.53316,6853.87985
21,10,2021,0,1,0,13.5,6590.81872,6829.63518
21,10,2021,0,1,0,14,6621.53788,6806.79498
21,10,2021,0,1,0,14.5,6684.57373,6886.91846
21,10,2021,0,1,0,15,6659.32748,6897.13295
21,10,2021,0,1,0,15.5,6648.35978,6857.58248
21,10,2021,0,1,0,16,6555.96858,6902.78612
21,10,2021,0,1,0,16.5,6647.75527,6795.32203
21,10,2021,0,1,0,17,6565.41839,6630.35111
21,10,2021,0,1,0,17.5,6446.76808,6620.934
21,10,2021,0,1,0,18,6362.88364,6582.68806
21,10,2021,0,1,0,18.5,6796.805,6913.13156
21,10,2021,0,1,0,19,6842.06717,6974.56378
21,10,2021,0,1,0,19.5,6832.11442,6972.07129
21,10,2021,0,1,0,20,6742.1159,6945.59733
21,10,2021,0,1,0,20.5,6760.79196,6937.05059
21,10,2021,0,1,0,21,6697.39443,6942.18935
21,10,2021,0,1,0,21.5,6617.38111,6925.02032
21,10,2021,0,1,0,22,6465.82139,6844.18111
21,10,2021,0,1,0,22.5,6304.01964,6767.31436
21,10,2021,0,1,0,23,6212.77984,6495.32235
21,10,2021,0,1,0,23.5,6088.08544,6404.40394
22,10,2021,0,1,0,0,5954.66958,6273.40211
22,10,2021,0,1,0,0.5,5762.86272,6141.63751
22,10,2021,0,1,0,1,5670.5408,6022.06917
22,10,2021,0,1,0,1.5,5607.95242,5973.61752
22,10,2021,0,1,0,2,5496.93765,5893.93346
22,10,2021,0,1,0,2.5,5513.18532,5819.51001
22,10,2021,0,1,0,3,5459.66935,5843.47672
22,10,2021,0,1,0,3.5,5314.29797,5754.33227
22,10,2021,0,1,0,4,5475.51631,5796.13899
22,10,2021,0,1,0,4.5,5448.48917,5682.4041
22,10,2021,0,1,0,5,5483.30962,5853.10414
22,10,2021,0,1,0,5.5,5517.11306,5955.85246
22,10,2021,0,1,0,6,5476.38844,5839.38931
22,10,2021,0,1,0,6.5,5444.2235,5945.13303
22,10,2021,0,1,0,7,5579.07773,5963.62812
22,10,2021,0,1,0,7.5,5861.69895,6226.18219
22,10,2021,0,1,0,8,5991.24294,6403.79317
22,10,2021,0,1,0,8.5,6299.06274,6745.60246
22,10,2021,0,1,0,9,6273.33866,6746.66567
22,10,2021,0,1,0,9.5,6374.56942,6843.53903
22,10,2021,0,1,0,10,6545.92208,6969.90398
22,10,2021,0,1,0,10.5,6521.22175,7056.55926
22,10,2021,0,1,0,11,6677.18663,7153.66266
22,10,2021,0,1,0,11.5,6609.03747,7181.88049
22,10,2021,0,1,0,12,6586.8064,7089.37612
22,10,2021,0,1,0,12.5,6577.35086,6996.83777
22,10,2021,0,1,0,13,6471.23862,6941.57377
22,10,2021,0,1,0,13.5,6442.68096,6850.33835
22,10,2021,0,1,0,14,6452.95104,6913.01027
22,10,2021,0,1,0,14.5,6492.95773,7044.69438
22,10,2021,0,1,0,15,6439.14274,6948.09812
22,10,2021,0,1,0,15.5,6465.78225,7071.893
22,10,2021,0,1,0,16,6461.51684,6953.54246
22,10,2021,0,1,0,16.5,6380.6141,7037.58706
22,10,2021,0,1,0,17,6353.24864,6841.43902
22,10,2021,0,1,0,17.5,6269.84671,6935.4113
22,10,2021,0,1,0,18,6071.14652,6722.95275
22,10,2021,0,1,0,18.5,6550.42535,7012.65946
22,10,2021,0,1,0,19,6606.00087,7037.39522
22,10,2021,0,1,0,19.5,6586.81417,7024.35784
22,10,2021,0,1,0,20,6567.02243,7006.75527
22,10,2021,0,1,0,20.5,6578.68215,6971.17093
22,10,2021,0,1,0,21,6518.15094,6892.0393
22,10,2021,0,1,0,21.5,6498.09444,6870.19209
22,10,2021,0,1,0,22,6386.8512,6812.52135
22,10,2021,0,1,0,22.5,6303.47562,6699.48689
22,10,2021,0,1,0,23,5976.29336,6463.19038
22,10,2021,0,1,0,23.5,5935.25963,6387.76159
23,10,2021,0,1,0,0,5788.77328,6337.64804
23,10,2021,0,1,0,0.5,5693.87825,6165.92233
23,10,2021,0,1,0,1,5547.60578,6087.84712
23,10,2021,0,1,0,1.5,5537.77481,5853.79533
23,10,2021,0,1,0,2,5412.85809,5862.48003
23,10,2021,0,1,0,2.5,5407.35618,5880.93247
23,10,2021,0,1,0,3,5409.41077,5719.85459
23,10,2021,0,1,0,3.5,5386.8918,5821.41651
23,10,2021,0,1,0,4,5380.75032,5757.26367
23,10,2021,0,1,0,4.5,5437.80228,5716.75833
23,10,2021,0,1,0,5,5465.31821,5908.36043
23,10,2021,0,1,0,5.5,5456.26843,5803.56451
23,10,2021,0,1,0,6,5419.45927,5756.961
23,10,2021,0,1,0,6.5,5399.37722,5823.76716
23,10,2021,0,1,0,7,5495.89486,5849.60517
23,10,2021,0,1,0,7.5,5671.36494,6081.90228
23,10,2021,0,1,0,8,5816.63512,6263.26899
23,10,2021,0,1,0,8.5,6027.61449,6351.76292
23,10,2021,0,1,0,9,6276.11495,6653.59258
23,10,2021,0,1,0,9.5,6377.07473,6706.3733
23,10,2021,0,1,0,10,6310.21854,6705.82831
23,10,2021,0,1,0,10.5,6424.29857,6855.61414
23,10,2021,0,1,0,11,6560.44344,6903.7811
23,10,2021,0,1,0,11.5,6603.59519,6975.185
23,10,2021,0,1,0,12,6569.09944,6799.54544
23,10,2021,0,1,0,12.5,6460.39016,6898.76349
23,10,2021,0,1,0,13,6397.34846,6824.45261
23,10,2021,0,1,0,13.5,6356.9856,6749.11016999999
23,10,2021,0,1,0,14,6284.90207,6498.29824
23,10,2021,0,1,0,14.5,6288.63659,6612.82342
23,10,2021,0,1,0,15,6318.33179,6576.17974
23,10,2021,0,1,0,15.5,6297.96283,6519.87949
23,10,2021,0,1,0,16,6259.35645,6657.37534
23,10,2021,0,1,0,16.5,6166.8923,6491.67221
23,10,2021,0,1,0,17,6092.26467,6518.28561
23,10,2021,0,1,0,17.5,6182.96291,6440.15579
23,10,2021,0,1,0,18,6166.28779,6594.39376
23,10,2021,0,1,0,18.5,6589.45796,7063.33263
23,10,2021,0,1,0,19,6657.37621,6979.03129
23,10,2021,0,1,0,19.5,6580.66486,6969.1359
23,10,2021,0,1,0,20,6567.23663,6926.25471
23,10,2021,0,1,0,20.5,6499.93154,6937.83128
23,10,2021,0,1,0,21,6486.1769,6900.76836
23,10,2021,0,1,0,21.5,6503.65146,6906.35265
23,10,2021,0,1,0,22,6332.89581,6703.63212
23,10,2021,0,1,0,22.5,6264.24661,6626.84703
23,10,2021,0,1,0,23,6050.71443,6483.98811
23,10,2021,0,1,0,23.5,5887.89632,6316.47801
24,10,2021,0,1,0,0,5803.07447,6266.62297
24,10,2021,0,1,0,0.5,5713.83766,6084.49667
24,10,2021,0,1,0,1,5607.62263,5977.26558
24,10,2021,0,1,0,1.5,5502.86401,5825.76185
24,10,2021,0,1,0,2,5428.95297,5718.44793
24,10,2021,0,1,0,2.5,5376.82262,5726.47481
24,10,2021,0,1,0,3,5321.07045,5687.95898
24,10,2021,0,1,0,3.5,5312.16955,5618.52328
24,10,2021,0,1,0,4,5314.06587,5641.36
24,10,2021,0,1,0,4.5,5269.90644,5657.03006
24,10,2021,0,1,0,5,5301.67974,5612.02106
24,10,2021,0,1,0,5.5,5272.8423,5711.80224
24,10,2021,0,1,0,6,5117.87859,5518.49492
24,10,2021,0,1,0,6.5,5012.61572,5461.08617
24,10,2021,0,1,0,7,4961.37534,5430.60579
24,10,2021,0,1,0,7.5,5101.04945,5507.83449
24,10,2021,0,1,0,8,5201.80944,5503.65917
24,10,2021,0,1,0,8.5,5328.33774,5664.61959
24,10,2021,0,1,0,9,5381.18907,5727.906
24,10,2021,0,1,0,9.5,5497.64617,5862.81218
24,10,2021,0,1,0,10,5560.33332,5883.97486
24,10,2021,0,1,0,10.5,5583.96841,6035.29115
24,10,2021,0,1,0,11,5704.04464,6044.36977
24,10,2021,0,1,0,11.5,5768.04945,6120.92702
24,10,2021,0,1,0,12,5655.52647,6163.28047
24,10,2021,0,1,0,12.5,5721.36305,6106.86061
24,10,2021,0,1,0,13,5765.94,6037.58755
24,10,2021,0,1,0,13.5,5637.45265,5994.46483
24,10,2021,0,1,0,14,5625.3574,6048.16218
24,10,2021,0,1,0,14.5,5645.45407,6119.9596
24,10,2021,0,1,0,15,5616.23211,6050.31854
24,10,2021,0,1,0,15.5,5527.18503,6051.63355
24,10,2021,0,1,0,16,5501.12189,5950.44335
24,10,2021,0,1,0,16.5,5558.41097,6006.96849
24,10,2021,0,1,0,17,5491.85068,5922.36857
24,10,2021,0,1,0,17.5,5594.18873,5942.96058
24,10,2021,0,1,0,18,5748.5131,6228.97835
24,10,2021,0,1,0,18.5,6219.9588,6687.7176
24,10,2021,0,1,0,19,6344.6038,6813.7348
24,10,2021,0,1,0,19.5,6422.58206,6787.8564
24,10,2021,0,1,0,20,6412.09278,6843.61479
24,10,2021,0,1,0,20.5,6406.32389,6878.68132
24,10,2021,0,1,0,21,6348.00585,6785.11264
24,10,2021,0,1,0,21.5,6161.50696,6679.098
24,10,2021,0,1,0,22,6057.01024,6477.66317
24,10,2021,0,1,0,22.5,5863.51104,6294.46125
24,10,2021,0,1,0,23,5722.79425,6206.74493
24,10,2021,0,1,0,23.5,5512.58148,5966.93157
25,10,2021,0,1,0,0,5372.21944,5810.62268
25,10,2021,0,1,0,0.5,5250.8527,5658.37317
25,10,2021,0,1,0,1,5247.56721,5686.39926
25,10,2021,0,1,0,1.5,5192.95252,5510.69846
25,10,2021,0,1,0,2,5105.32828,5433.158
25,10,2021,0,1,0,2.5,5063.56376,5423.62914
25,10,2021,0,1,0,3,4974.25328,5448.87399
25,10,2021,0,1,0,3.5,4980.47745,5367.09924
25,10,2021,0,1,0,4,5040.78633,5374.72195
25,10,2021,0,1,0,4.5,4995.79962,5525.99738
25,10,2021,0,1,0,5,5087.12638,5569.34246
25,10,2021,0,1,0,5.5,5154.51269,5622.48966
25,10,2021,0,1,0,6,5186.8632,5512.52347
25,10,2021,0,1,0,6.5,5300.02306,5565.35434
25,10,2021,0,1,0,7,5460.34361,5682.05495
25,10,2021,0,1,0,7.5,5808.47177,6138.75668
25,10,2021,0,1,0,8,6011.1246,6270.1303
25,10,2021,0,1,0,8.5,6336.85905,6404.62828
25,10,2021,0,1,0,9,6465.9641,6557.48717
25,10,2021,0,1,0,9.5,6482.20903,6771.06351
25,10,2021,0,1,0,10,6531.04033,6748.41352
25,10,2021,0,1,0,10.5,6721.81708,6883.70776
25,10,2021,0,1,0,11,6733.36119,6987.75115
25,10,2021,0,1,0,11.5,6897.53054,7047.95363
25,10,2021,0,1,0,12,6803.88369,6946.97272
25,10,2021,0,1,0,12.5,6898.33855,6894.10183
25,10,2021,0,1,0,13,6743.65748,6989.58181
25,10,2021,0,1,0,13.5,6776.33054,6900.59266
25,10,2021,0,1,0,14,6704.96261,6909.32286
25,10,2021,0,1,0,14.5,6890.11884,6989.25973
25,10,2021,0,1,0,15,6766.24779,6897.10761
25,10,2021,0,1,0,15.5,6847.84818,6889.0469
25,10,2021,0,1,0,16,6801.73326,6810.21206
25,10,2021,0,1,0,16.5,6776.74425,6821.94672
25,10,2021,0,1,0,17,6710.59386,6826.90462
25,10,2021,0,1,0,17.5,6610.05398,6742.73503
25,10,2021,0,1,0,18,6526.00652,6704.73468
25,10,2021,0,1,0,18.5,6857.41799,6951.77017
25,10,2021,0,1,0,19,6892.48033,6945.44406
25,10,2021,0,1,0,19.5,6910.36663,6965.25796
25,10,2021,0,1,0,20,6868.63743,6942.31668
25,10,2021,0,1,0,20.5,6851.90554,6906.10739
25,10,2021,0,1,0,21,6786.54244,6862.83203
25,10,2021,0,1,0,21.5,6771.4537,6825.04236
25,10,2021,0,1,0,22,6683.57761,6768.91162
25,10,2021,0,1,0,22.5,6686.2855,6762.31891
25,10,2021,0,1,0,23,6347.09675,6457.46145
25,10,2021,0,1,0,23.5,6247.54102,6349.67896
26,10,2021,0,1,0,0,6031.27325,6167.79279
26,10,2021,0,1,0,0.5,5892.84423,6020.02044
26,10,2021,0,1,0,1,5900.39989,5925.13503
26,10,2021,0,1,0,1.5,5727.12462,5864.96967
26,10,2021,0,1,0,2,5639.13538,5836.75634
26,10,2021,0,1,0,2.5,5658.86435,5810.54698
26,10,2021,0,1,0,3,5710.46166,5826.89435
26,10,2021,0,1,0,3.5,5590.35356,5731.846
26,10,2021,0,1,0,4,5627.76873,5797.35235
26,10,2021,0,1,0,4.5,5662.16352,5803.61128
26,10,2021,0,1,0,5,5761.87216,5729.52013
26,10,2021,0,1,0,5.5,5840.61356,5864.08758
26,10,2021,0,1,0,6,5815.35529,5731.96597
26,10,2021,0,1,0,6.5,5844.1671,5801.19288
26,10,2021,0,1,0,7,5817.77826,5890.82574
26,10,2021,0,1,0,7.5,6155.13384,6205.40736
26,10,2021,0,1,0,8,6233.42006,6310.60884
26,10,2021,0,1,0,8.5,6362.73185,6592.55885
26,10,2021,0,1,0,9,6514.62065,6707.85164
26,10,2021,0,1,0,9.5,6640.71972,6769.298
26,10,2021,0,1,0,10,6672.73465,6840.71903
26,10,2021,0,1,0,10.5,6759.02345,6857.81111
26,10,2021,0,1,0,11,6802.70083,6847.93508
26,10,2021,0,1,0,11.5,6737.46498,6999.61404
26,10,2021,0,1,0,12,6849.56438,6901.27631
26,10,2021,0,1,0,12.5,6748.33762,6931.84711
26,10,2021,0,1,0,13,6740.46232,6879.41666
26,10,2021,0,1,0,13.5,6711.01248,6703.39181
26,10,2021,0,1,0,14,6761.3086,6793.05102
26,10,2021,0,1,0,14.5,6812.21711,6894.38685
26,10,2021,0,1,0,15,6738.95936,6858.89782
26,10,2021,0,1,0,15.5,6825.57277,6912.63865
26,10,2021,0,1,0,16,6828.49069,6872.37803
26,10,2021,0,1,0,16.5,6848.30259,6808.39627
26,10,2021,0,1,0,17,6744.88951,6770.15026
26,10,2021,0,1,0,17.5,6785.67628,6596.80501
26,10,2021,0,1,0,18,6658.17144,6733.66951
26,10,2021,0,1,0,18.5,6825.84382,6925.74794
26,10,2021,0,1,0,19,6848.45252,6916.55486
26,10,2021,0,1,0,19.5,6888.07662,6911.13913
26,10,2021,0,1,0,20,6869.7617,6871.66319
26,10,2021,0,1,0,20.5,6817.49918,6842.37737
26,10,2021,0,1,0,21,6801.79779,6816.5032
26,10,2021,0,1,0,21.5,6841.20237,6751.34623
26,10,2021,0,1,0,22,6685.46809,6647.13826
26,10,2021,0,1,0,22.5,6574.57045,6550.52468
26,10,2021,0,1,0,23,6441.94802,6400.18757
26,10,2021,0,1,0,23.5,6281.20489,6196.3641
27,10,2021,0,1,0,0,6129.60834,6087.27217
27,10,2021,0,1,0,0.5,5976.73292,5869.04459
27,10,2021,0,1,0,1,5824.44287,5841.48472
27,10,2021,0,1,0,1.5,5860.71911,5773.02068
27,10,2021,0,1,0,2,5765.32402,5698.60212
27,10,2021,0,1,0,2.5,5645.03881,5612.06451
27,10,2021,0,1,0,3,5725.86655,5688.07524
27,10,2021,0,1,0,3.5,5748.6106,5651.95942
27,10,2021,0,1,0,4,5699.38318,5671.96789
27,10,2021,0,1,0,4.5,5846.42739,5676.71252
27,10,2021,0,1,0,5,5834.40465,5653.97729
27,10,2021,0,1,0,5.5,5889.21537,5753.11822
27,10,2021,0,1,0,6,5854.46155,5650.50887
27,10,2021,0,1,0,6.5,5926.50803,5845.72985
27,10,2021,0,1,0,7,5849.73806,5921.83842
27,10,2021,0,1,0,7.5,6158.91146,6083.59258
27,10,2021,0,1,0,8,6305.41492,6341.46533
27,10,2021,0,1,0,8.5,6547.38381,6595.82482
27,10,2021,0,1,0,9,6729.84584,6630.20936
27,10,2021,0,1,0,9.5,6781.99738,6758.18202
27,10,2021,0,1,0,10,6829.77839,6847.8841
27,10,2021,0,1,0,10.5,6957.46361,6898.66487
27,10,2021,0,1,0,11,6933.50047,6914.97338
27,10,2021,0,1,0,11.5,7078.86262,7064.29724
27,10,2021,0,1,0,12,6967.78899,6974.94974
27,10,2021,0,1,0,12.5,6961.10433,6981.31708
27,10,2021,0,1,0,13,6844.97312,6825.03539
27,10,2021,0,1,0,13.5,6833.18689,6815.18215
27,10,2021,0,1,0,14,6921.1023,6846.58665
27,10,2021,0,1,0,14.5,6994.26073,7005.76556
27,10,2021,0,1,0,15,6951.05682,6997.01454
27,10,2021,0,1,0,15.5,7001.59643,6973.76647
27,10,2021,0,1,0,16,6927.60241,6909.46929
27,10,2021,0,1,0,16.5,6904.47289,6895.29491
27,10,2021,0,1,0,17,6780.2739,6829.7603
27,10,2021,0,1,0,17.5,6691.94727,6763.3451
27,10,2021,0,1,0,18,6700.85574,6582.1396
27,10,2021,0,1,0,18.5,6956.15136,6938.05728
27,10,2021,0,1,0,19,6982.14423,7009.47415
27,10,2021,0,1,0,19.5,6982.01009,7006.03004
27,10,2021,0,1,0,20,6954.92283,6950.63199
27,10,2021,0,1,0,20.5,6986.63635,6923.18812
27,10,2021,0,1,0,21,6937.0506,6870.5618
27,10,2021,0,1,0,21.5,6964.1433,6781.0994
27,10,2021,0,1,0,22,6808.80697,6704.03444
27,10,2021,0,1,0,22.5,6740.72423,6625.73764
27,10,2021,0,1,0,23,6471.94451,6408.68815
27,10,2021,0,1,0,23.5,6400.91771,6229.13977
28,10,2021,0,1,1,0,6258.23089,6164.70597
28,10,2021,0,1,1,0.5,6099.14359,5967.64934
28,10,2021,0,1,1,1,6009.27928,5836.82319
28,10,2021,0,1,1,1.5,5936.01034,5771.58847
28,10,2021,0,1,1,2,5740.4254,5798.64376
28,10,2021,0,1,1,2.5,5703.98176,5749.06696
28,10,2021,0,1,1,3,5793.71135,5702.8364
28,10,2021,0,1,1,3.5,5698.05463,5634.75359
28,10,2021,0,1,1,4,5839.57374,5740.25158
28,10,2021,0,1,1,4.5,5776.23275,5797.12255
28,10,2021,0,1,1,5,5889.15574,5815.21475
28,10,2021,0,1,1,5.5,5923.18101,5745.67923
28,10,2021,0,1,1,6,5871.01059,5825.58119
28,10,2021,0,1,1,6.5,5948.2515,5884.89476
28,10,2021,0,1,1,7,6010.17063,5884.13461
28,10,2021,0,1,1,7.5,6200.78273,6140.00381
28,10,2021,0,1,1,8,6295.11626,6360.9565
28,10,2021,0,1,1,8.5,6520.93515,6612.73767
28,10,2021,0,1,1,9,6636.80452,6781.67702
28,10,2021,0,1,1,9.5,6735.86048,6881.51963
28,10,2021,0,1,1,10,6818.69875,6861.98361
28,10,2021,0,1,1,10.5,6911.94332,6995.73265
28,10,2021,0,1,1,11,6943.3545,7047.93069
28,10,2021,0,1,1,11.5,7047.1052,7015.17303
28,10,2021,0,1,1,12,6938.85244,7093.27093
28,10,2021,0,1,1,12.5,6856.60968,7013.02218
28,10,2021,0,1,1,13,6853.87985,6871.12008
28,10,2021,0,1,1,13.5,6829.63518,6859.46861
28,10,2021,0,1,1,14,6806.79498,6956.89625
28,10,2021,0,1,1,14.5,6886.91846,6961.66302
28,10,2021,0,1,1,15,6897.13295,6933.61392
28,10,2021,0,1,1,15.5,6857.58248,6982.38639
28,10,2021,0,1,1,16,6902.78612,6801.00764
28,10,2021,0,1,1,16.5,6795.32203,6944.61851
28,10,2021,0,1,1,17,6630.35111,6745.82553
28,10,2021,0,1,1,17.5,6620.934,6692.56883
28,10,2021,0,1,1,18,6582.68806,6573.79521
28,10,2021,0,1,1,18.5,6913.13156,6895.98638
28,10,2021,0,1,1,19,6974.56378,6935.213
28,10,2021,0,1,1,19.5,6972.07129,6909.23107
28,10,2021,0,1,1,20,6945.59733,6872.32833
28,10,2021,0,1,1,20.5,6937.05059,6844.08399
28,10,2021,0,1,1,21,6942.18935,6819.49871
28,10,2021,0,1,1,21.5,6925.02032,6780.58119
28,10,2021,0,1,1,22,6844.18111,6662.99798
28,10,2021,0,1,1,22.5,6767.31436,6550.88367
28,10,2021,0,1,1,23,6495.32235,6411.07906
28,10,2021,0,1,1,23.5,6404.40394,6254.43052
29,10,2021,0,1,1,0,6273.40211,6165.19069
29,10,2021,0,1,1,0.5,6141.63751,5945.78468
29,10,2021,0,1,1,1,6022.06917,5822.64204
29,10,2021,0,1,1,1.5,5973.61752,5801.78615
29,10,2021,0,1,1,2,5893.93346,5680.6147
29,10,2021,0,1,1,2.5,5819.51001,5629.3813
29,10,2021,0,1,1,3,5843.47672,5719.17588
29,10,2021,0,1,1,3.5,5754.33227,5704.57246
29,10,2021,0,1,1,4,5796.13899,5773.04983
29,10,2021,0,1,1,4.5,5682.4041,5724.03697
29,10,2021,0,1,1,5,5853.10414,5678.86961
29,10,2021,0,1,1,5.5,5955.85246,5840.43069
29,10,2021,0,1,1,6,5839.38931,5754.84976
29,10,2021,0,1,1,6.5,5945.13303,5893.375
29,10,2021,0,1,1,7,5963.62812,5977.6733
29,10,2021,0,1,1,7.5,6226.18219,6156.1443
29,10,2021,0,1,1,8,6403.79317,6396.1253
29,10,2021,0,1,1,8.5,6745.60246,6522.0341
29,10,2021,0,1,1,9,6746.66567,6793.3021
29,10,2021,0,1,1,9.5,6843.53903,6865.287
29,10,2021,0,1,1,10,6969.90398,6870.267
29,10,2021,0,1,1,10.5,7056.55926,6983.608
29,10,2021,0,1,1,11,7153.66266,6881.146
29,10,2021,0,1,1,11.5,7181.88049,6965.091
29,10,2021,0,1,1,12,7089.37612,7058.914
29,10,2021,0,1,1,12.5,6996.83777,6998.021
29,10,2021,0,1,1,13,6941.57377,6897.006
29,10,2021,0,1,1,13.5,6850.33835,6891.836
29,10,2021,0,1,1,14,6913.01027,6696.837
29,10,2021,0,1,1,14.5,7044.69438,6932.813
29,10,2021,0,1,1,15,6948.09812,6900.401
29,10,2021,0,1,1,15.5,7071.893,6852.26961
29,10,2021,0,1,1,16,6953.54246,6836.28643
29,10,2021,0,1,1,16.5,7037.58706,6767.30121
29,10,2021,0,1,1,17,6841.43902,6704.62782
29,10,2021,0,1,1,17.5,6935.4113,6753.53695
29,10,2021,0,1,1,18,6722.95275,6548.4369
29,10,2021,0,1,1,18.5,7012.65946,6865.0606
29,10,2021,0,1,1,19,7037.39522,6934.1088
29,10,2021,0,1,1,19.5,7024.35784,6938.0407
29,10,2021,0,1,1,20,7006.75527,6883.0855
29,10,2021,0,1,1,20.5,6971.17093,6874.3021
29,10,2021,0,1,1,21,6892.0393,6847.8485
29,10,2021,0,1,1,21.5,6870.19209,6881.028
29,10,2021,0,1,1,22,6812.52135,6749.555
29,10,2021,0,1,1,22.5,6699.48689,6624.399
29,10,2021,0,1,1,23,6463.19038,6442.511
29,10,2021,0,1,1,23.5,6387.76159,6359.4485
30,10,2021,0,1,1,0,6337.64804,6156.6236
30,10,2021,0,1,1,0.5,6165.92233,6085.48767
30,10,2021,0,1,1,1,6087.84712,5934.96123
30,10,2021,0,1,1,1.5,5853.79533,5869.38293
30,10,2021,0,1,1,2,5862.48003,5800.24984
30,10,2021,0,1,1,2.5,5880.93247,5740.53766
30,10,2021,0,1,1,3,5719.85459,5803.74551
30,10,2021,0,1,1,3.5,5821.41651,5816.80137
30,10,2021,0,1,1,4,5757.26367,5749.56407
30,10,2021,0,1,1,4.5,5716.75833,5879.19507
30,10,2021,0,1,1,5,5908.36043,5902.17706
30,10,2021,0,1,1,5.5,5803.56451,5933.86568
30,10,2021,0,1,1,6,5756.961,5751.61942
30,10,2021,0,1,1,6.5,5823.76716,5888.26257
30,10,2021,0,1,1,7,5849.60517,5871.8934
30,10,2021,0,1,1,7.5,6081.90228,6108.32052
30,10,2021,0,1,1,8,6263.26899,6187.61509
30,10,2021,0,1,1,8.5,6351.76292,6518.98511
30,10,2021,0,1,1,9,6653.59258,6568.33446
30,10,2021,0,1,1,9.5,6706.3733,6672.7484
30,10,2021,0,1,1,10,6705.82831,6721.97517
30,10,2021,0,1,1,10.5,6855.61414,6753.05996
30,10,2021,0,1,1,11,6903.7811,6834.27676
30,10,2021,0,1,1,11.5,6975.185,6932.11645
30,10,2021,0,1,1,12,6799.54544,6805.52448
30,10,2021,0,1,1,12.5,6898.76349,6752.96948
30,10,2021,0,1,1,13,6824.45261,6541.42985
30,10,2021,0,1,1,13.5,6749.11016999999,6602.28998
30,10,2021,0,1,1,14,6498.29824,6553.09479
30,10,2021,0,1,1,14.5,6612.82342,6544.17288
30,10,2021,0,1,1,15,6576.17974,6519.12912
30,10,2021,0,1,1,15.5,6519.87949,6487.4577
30,10,2021,0,1,1,16,6657.37534,6528.79364
30,10,2021,0,1,1,16.5,6491.67221,6377.71856
30,10,2021,0,1,1,17,6518.28561,6415.94245
30,10,2021,0,1,1,17.5,6440.15579,6406.23879
30,10,2021,0,1,1,18,6594.39376,6479.32993
30,10,2021,0,1,1,18.5,7063.33263,6771.03725
30,10,2021,0,1,1,19,6979.03129,6757.0682
30,10,2021,0,1,1,19.5,6969.1359,6737.47543
30,10,2021,0,1,1,20,6926.25471,6758.67854
30,10,2021,0,1,1,20.5,6937.83128,6772.35704
30,10,2021,0,1,1,21,6900.76836,6736.649
30,10,2021,0,1,1,21.5,6906.35265,6683.89621
30,10,2021,0,1,1,22,6703.63212,6565.08899
30,10,2021,0,1,1,22.5,6626.84703,6587.19869
30,10,2021,0,1,1,23,6483.98811,6374.62857
30,10,2021,0,1,1,23.5,6316.47801,6246.53984
31,10,2021,0,1,1,0,6266.62297,6123.67139
31,10,2021,0,1,1,0.5,6084.49667,6056.18182
31,10,2021,0,1,1,1,5977.26558,5869.8997
31,10,2021,0,1,1,1.5,5825.76185,5745.56889
31,10,2021,0,1,1,2,5718.44793,5760.99123
31,10,2021,0,1,1,2.5,5726.47481,5698.90977
31,10,2021,0,1,1,3,5687.95898,5671.81952
31,10,2021,0,1,1,3.5,5618.52328,5572.1525
31,10,2021,0,1,1,4,5641.36,5545.9961
31,10,2021,0,1,1,4.5,5657.03006,5611.7935
31,10,2021,0,1,1,5,5612.02106,5574.8959
31,10,2021,0,1,1,5.5,5711.80224,5489.6761
31,10,2021,0,1,1,6,5518.49492,5347.871
31,10,2021,0,1,1,6.5,5461.08617,5277.8861
31,10,2021,0,1,1,7,5430.60579,5244.09069
31,10,2021,0,1,1,7.5,5507.83449,5310.25309
31,10,2021,0,1,1,8,5503.65917,5441.00759
31,10,2021,0,1,1,8.5,5664.61959,5632.7723
31,10,2021,0,1,1,9,5727.906,5723.38821
31,10,2021,0,1,1,9.5,5862.81218,5732.9207
31,10,2021,0,1,1,10,5883.97486,5846.13519
31,10,2021,0,1,1,10.5,6035.29115,5918.70799
31,10,2021,0,1,1,11,6044.36977,5976.88809
31,10,2021,0,1,1,11.5,6120.92702,6052.98499
31,10,2021,0,1,1,12,6163.28047,6011.84449
31,10,2021,0,1,1,12.5,6106.86061,6064.06809
31,10,2021,0,1,1,13,6037.58755,6006.00479
31,10,2021,0,1,1,13.5,5994.46483,5928.82559
31,10,2021,0,1,1,14,6048.16218,5983.58969
31,10,2021,0,1,1,14.5,6119.9596,5981.95499
31,10,2021,0,1,1,15,6050.31854,5979.85469
31,10,2021,0,1,1,15.5,6051.63355,5961.05369
31,10,2021,0,1,1,16,5950.44335,5903.81509
31,10,2021,0,1,1,16.5,6006.96849,5871.80689
31,10,2021,0,1,1,17,5922.36857,5801.92989
31,10,2021,0,1,1,17.5,5942.96058,5922.46929
31,10,2021,0,1,1,18,6228.97835,6174.11079
31,10,2021,0,1,1,18.5,6687.7176,6592.44149
31,10,2021,0,1,1,19,6813.7348,6673.43149
31,10,2021,0,1,1,19.5,6787.8564,6698.81159
31,10,2021,0,1,1,20,6843.61479,6700.00479
31,10,2021,0,1,1,20.5,6878.68132,6626.15549
31,10,2021,0,1,1,21,6785.11264,6562.89779
31,10,2021,0,1,1,21.5,6679.098,6522.72219
31,10,2021,0,1,1,22,6477.66317,6418.26699
31,10,2021,0,1,1,22.5,6294.46125,6247.72849
31,10,2021,0,1,1,23,6206.74493,6041.52889
31,10,2021,0,1,1,23.5,5966.93157,5885.40679
