tiempo,potencia,id
1,0.687660197729769,0
2,0.682655925790309,0
3,0.670572439887709,0
4,0.643232027340413,0
5,0.69669229830343,0
6,0.674722323935066,0
7,0.671670938606127,0
8,0.679360429635054,0
9,0.72232393506652,0
10,0.709019895032345,0
11,0.696082021237642,0
12,0.693396802148175,0
13,0.690467472232394,0
14,0.671670938606127,0
15,0.68912486268766,0
16,0.707433174661296,0
17,0.673745880629806,0
18,0.667032832906139,0
19,0.711094837056023,0
20,0.708043451727084,0
21,0.686805809837666,0
22,0.706822897595508,0
23,0.696814353716587,0
24,0.667276943732454,0
25,0.677529598437691,0
26,0.713535945319175,0
27,0.707555230074454,0
28,0.706090565116563,0
29,0.677773709264006,0
30,0.835957524716221,1
31,0.685219089466618,0
32,0.67704137678506,0
33,0.600024411082632,0
34,0.599902355669474,0
35,0.581838154522153,0
36,0.606371292566825,0
37,0.585743927743196,0
38,0.62175027462468,0
39,0.61064323202734,0
40,0.620407665079946,0
41,0.576101550103747,0
42,0.628463322348346,0
43,0.617844501403637,0
44,0.63432198217991,0
45,0.609300622482607,0
46,0.636763090443061,0
47,0.647259855974612,0
48,0.627608934456243,0
49,0.630660319785182,0
50,0.56438423044062,0
51,0.609300622482607,0
52,0.632979372635176,0
53,0.652142072500915,0
54,0.628219211522031,0
55,0.646161357256194,0
56,0.64640546808251,0
57,0.689979250579763,0
58,0.72232393506652,0
59,0.712437446600757,0
60,0.712925668253387,0
61,0.738069083363847,0
62,0.748809959721714,0
63,0.707311119248139,0
64,0.715366776516538,0
65,0.678750152569267,0
66,0.69766874160869,0
67,0.691932137190284,0
68,0.701940681069205,0
69,0.743195410716465,0
70,0.736116196753326,0
71,0.717197607713902,0
72,0.679604540461369,0
73,0.684852923227145,0
74,0.720004882216526,0
75,0.683754424508727,0
76,0.714634444037593,0
77,0.742218967411205,0
78,0.764188941779568,1
79,0.775051873550592,1
80,0.758208226534847,1
81,0.830709141950446,1
82,0.861345050652997,1
83,0.825582814597827,1
84,0.785182472842671,1
85,0.804711338947882,1
86,0.774563651897962,1
87,0.79628951544001,1
88,0.773098986940071,1
89,0.774441596484804,1
90,0.728426705724399,0
91,0.77517392896375,1
92,0.762968387647992,1
93,0.780422311729525,1
94,0.787989747345295,1
95,0.786158916147931,1
96,0.740754302453314,0
97,0.739899914561211,0
98,0.747711461003296,0
99,0.757720004882217,1
100,0.740998413279629,0
101,0.725375320395459,0
102,0.751129012571708,1
103,0.76260222140852,1
104,0.716343219821799,0
105,0.767850604174295,1
106,0.692298303429757,0
107,0.733553033077017,0
108,0.710972781642866,0
109,0.731111924813866,0
110,0.708531673379714,0
111,0.699987794458684,0
112,0.681435371658733,0
113,0.719638715977054,0
114,0.703893567679727,0
115,0.700231905284999,0
116,0.704015623092884,0
117,0.730013426095447,0
118,0.71329183449286,0
119,0.743927743195411,0
120,0.722568045892835,0
121,0.735627975100696,0
122,0.743195410716465,0
123,0.723056267545466,0
124,0.74295129989015,0
125,0.738313194190162,0
126,0.748199682655926,0
127,0.707921396313927,0
128,0.674600268521909,0
129,0.732576589771756,0
130,0.748565848895399,0
131,0.786158916147931,1
132,0.771756377395338,1
133,0.748199682655926,0
134,0.750274624679605,1
135,0.718784328084951,0
136,0.958501159526425,1
137,0.781764921274259,1
138,0.823874038813621,1
139,0.777004760161113,1
140,0.763212498474307,1
141,0.794458684242646,1
142,0.784938362016355,1
143,0.759184669840107,1
144,0.801537898205785,1
145,0.75051873550592,1
146,0.723178322958623,0
147,0.752837788355914,1
148,0.72635176370072,0
149,0.746612962284877,0
150,0.777248870987428,1
151,0.768827047479556,1
152,0.799096789942634,1
153,0.838154522153058,1
154,0.8098376663005,1
155,0.784083974124252,1
156,0.795191016721592,1
157,0.786280971561089,1
158,0.77920175759795,1
159,0.806908336384719,1
160,0.82546075918467,1
161,0.815696326132064,1
162,0.830098864884658,1
163,0.806053948492616,1
164,0.817283046503112,1
165,0.810936165018919,1
166,0.781398755034786,1
167,0.777615037226901,1
168,0.687171976077139,0
169,0.662150616379836,0
170,0.637251312095692,0
171,0.662150616379836,0
172,0.65494934700354,0
173,0.674478213108751,0
174,0.669473941169291,0
175,0.69669229830343,0
176,0.652508238740388,0
177,0.719394605150738,0
178,0.744904186500671,0
179,0.711827169534969,0
180,0.76711827169535,1
181,0.73440742096912,0
182,0.731722201879653,0
183,0.722934212132308,0
184,0.685463200292933,0
185,0.725497375808617,0
186,0.6841205907482,0
187,0.713902111558648,0
188,0.715977053582326,0
189,0.719882826803369,0
190,0.742218967411205,0
191,0.685585255706091,0
192,0.706090565116563,0
193,0.708531673379714,0
194,0.673501769803491,0
195,0.678872207982424,0
196,0.638471866227267,0
197,0.656902233614061,0
198,0.67704137678506,0
199,0.697912852435006,0
200,0.742585133650677,0
201,0.699011351153424,0
202,0.690345416819236,0
203,0.705968509703405,0
204,0.700964237763945,0
205,0.726962040766508,0
206,0.689491028927133,0
207,0.721591602587575,0
208,0.709141950445502,0
209,0.743927743195411,0
210,0.718662272671793,0
211,0.69766874160869,0
212,0.716465275234957,0
213,0.72183571341389,0
214,0.736116196753326,0
215,0.742585133650677,0
216,0.739167582082265,0
217,0.754302453313805,1
218,0.768704992066398,1
219,0.787867691932137,1
220,0.722079824240205,0
221,0.749542292200659,1
222,0.733186866837544,0
223,0.688514585621872,0
224,0.711949224948127,0
225,0.732454534358599,0
226,0.723788600024411,0
227,0.712315391187599,0
228,0.67704137678506,0
229,0.665934334187721,0
230,0.694495300866594,0
231,0.727328207005981,0
232,0.708531673379714,0
233,0.724276821677041,0
234,0.718418161845478,0
235,0.716465275234957,0
236,0.689002807274503,0
237,0.694861467106066,0
238,0.698279018674478,0
239,0.668131331624558,0
240,0.693518857561333,0
241,0.70621262052972,0
242,0.689979250579763,0
243,0.866471378005615,1
244,0.708043451727084,0
245,0.691077749298181,0
246,0.70572439887709,0
247,0.72232393506652,0
248,0.734773587208593,0
249,0.771268155742707,1
250,0.73391919931649,0
251,0.732332478945441,0
252,0.733553033077017,0
253,0.745636518979617,0
254,0.755645062858538,1
255,0.762724276821677,1
256,0.775295984376907,1
257,0.764433052605883,1
258,0.819968265592579,1
259,0.748443793482241,0
260,0.800927621139998,1
261,0.797143903332113,1
262,0.748809959721714,0
263,0.734773587208593,0
264,0.712193335774442,0
265,0.701086293177102,0
266,0.696814353716587,0
267,0.640668863664103,0
268,0.677651653850848,0
269,0.667276943732454,0
270,0.656780178200903,0
271,0.694251190040278,0
272,0.66849749786403,0
273,0.770535823263762,1
274,0.730135481508605,0
275,0.734285365555962,0
276,0.750152569266447,1
277,0.761747833516416,1
278,0.755767118271695,1
279,0.765653606737459,1
280,0.720493103869157,0
281,0.73489564262175,0
282,0.755156841205908,1
283,0.719760771390211,0
284,0.723666544611254,0
285,0.717685829366532,0
286,0.742707189063835,0
287,0.735383864274381,0
288,0.716709386061272,0
289,0.747589405590138,0
290,0.684364701574515,0
291,0.744293909434883,0
292,0.689246918100818,0
293,0.730013426095447,0
294,0.75503478579275,1
295,0.737824972537532,0
296,0.710850726229708,0
297,0.673379714390333,0
298,0.707433174661296,0
299,0.709996338337605,0
300,0.70877578420603,0
301,0.652142072500915,0
302,0.68106920541926,0
303,0.679360429635054,0
304,0.672159160258757,0
305,0.651775906261443,0
306,0.68058098376663,0
307,0.690833638471866,0
308,0.619309166361528,0
309,0.648480410106188,0
310,0.65092151836934,0
311,0.673013548150861,0
312,0.663859392164043,0
313,0.667643109971927,0
314,0.663249115098255,0
315,0.67704137678506,0
316,0.690589527645551,0
317,0.733797143903332,0
318,0.728548761137557,0
319,0.73843524960332,0
320,0.732210423532284,0
321,0.729281093616502,0
322,0.733308922250702,0
323,0.745148297326987,0
324,0.722079824240205,0
325,0.732576589771756,0
326,0.693396802148175,0
327,0.696082021237642,0
328,0.692420358842915,0
329,0.704015623092884,0
330,0.674234102282436,0
331,0.661418283900891,0
332,0.690833638471866,0
333,0.70474795557183,0
334,0.677163432198218,0
335,0.644208470645673,0
336,0.715854998169169,0
337,0.71024044916392,0
338,0.685951421945563,0
339,0.728182594898084,0
340,0.694007079213963,0
341,0.764677163432198,1
342,0.766874160869035,1
343,0.743805687782253,0
344,0.753448065421702,1
345,0.758696448187477,1
346,0.802026119858416,1
347,0.787623581105822,1
348,0.762358110582204,1
349,0.828512144513609,1
350,0.786403026974246,1
351,0.795679238374222,1
352,0.76711827169535,1
353,0.806053948492616,1
354,0.795068961308434,1
355,0.768460881240083,1
356,0.790308800195289,1
357,0.748809959721714,0
358,0.748932015134871,0
359,0.754790674966435,1
360,0.691443915537654,0
361,0.715122665690223,0
362,0.703527401440254,0
363,0.628463322348346,0
364,0.619919443427316,0
365,0.643232027340413,0
366,0.641401196143049,0
367,0.655193457829855,0
368,0.642011473208837,0
369,0.72134749176126,0
370,0.725985597461247,0
371,0.715244721103381,0
372,0.735994141340168,0
373,0.718906383498108,0
374,0.748932015134871,0
375,0.746735017698035,0
376,0.692542414256072,0
377,0.729647259855975,0
378,0.674478213108751,0
379,0.700353960698157,0
380,0.705602343463933,0
381,0.702550958134993,0
382,0.680458928353473,0
383,0.70120834859026,0
384,0.689857195166606,0
385,0.6478701330404,0
386,0.690101305992921,0
387,0.679604540461369,0
388,0.692298303429757,0
389,0.676309044306115,0
390,0.706090565116563,0
391,0.681435371658733,0
392,0.704625900158672,0
393,0.697546686195533,0
394,0.703649456853411,0
395,0.714512388624436,0
396,0.695715854998169,0
397,0.684486756987672,0
398,0.691443915537654,0
399,0.72232393506652,0
400,0.697424630782375,0
401,0.700842182350787,0
402,0.694495300866594,0
403,0.686073477358721,0
404,0.683510313682412,0
405,0.703161235200781,0
406,0.684730867813988,0
407,0.690711583058709,0
408,0.68460881240083,0
409,0.701086293177102,0
410,0.787623581105822,1
411,0.659831563529843,0
412,0.676675210545588,0
413,0.673623825216648,0
414,0.685829366532406,0
415,0.696570242890272,0
416,0.702062736482363,0
417,0.70120834859026,0
418,0.731844257292811,0
419,0.741608690345417,0
420,0.873672647381912,1
421,0.756987672403271,1
422,0.782985475405834,1
423,0.775906261442695,1
424,0.783839863297937,1
425,0.804589283534725,1
426,0.778103258879531,1
427,0.782375198340046,1
428,0.816306603197852,1
429,0.722201879653363,0
430,0.794458684242646,1
431,0.781886976687416,1
432,0.782863419992677,1
433,0.773221042353228,1
434,0.718906383498108,0
435,0.715488831929696,0
436,0.725009154155987,0
437,0.70877578420603,0
438,0.696814353716587,0
439,0.712071280361284,0
440,0.666910777492982,0
441,0.736848529232272,0
442,0.745514463566459,0
443,0.752837788355914,1
444,0.742829244476993,0
445,0.762113999755889,1
446,0.757353838642744,1
447,0.751129012571708,1
448,0.746246796045405,0
449,0.759672891492738,1
450,0.757353838642744,1
451,0.760893445624313,1
452,0.777492981813743,1
453,0.755767118271695,1
454,0.736360307579641,0
455,0.704625900158672,0
456,0.646527523495667,0
457,0.667398999145612,0
458,0.651775906261443,0
459,0.627364823629928,0
460,0.658488953985109,0
461,0.808128890516294,1
462,0.659953618943,0
463,0.648480410106188,0
464,0.644086415232516,0
465,0.708043451727084,0
466,0.727694373245453,0
467,0.677407543024533,0
468,0.727450262419138,0
469,0.698156963261321,0
470,0.685829366532406,0
471,0.700231905284999,0
472,0.6881484193824,0
473,0.724276821677041,0
474,0.720737214695472,0
475,0.731233980227023,0
476,0.738557305016478,0
477,0.734041254729647,0
478,0.698401074087636,0
479,0.725009154155987,0
480,0.72134749176126,0
481,0.720981325521787,0
482,0.69766874160869,0
483,0.67154888319297,0
484,0.667643109971927,0
485,0.6921762480166,0
486,0.670572439887709,0
487,0.663859392164043,0
488,0.67557671182717,0
489,0.679116318808739,0
490,0.66849749786403,0
491,0.832173806908336,1
492,0.752227511290126,1
493,0.681801537898206,0
494,0.693396802148175,0
495,0.676797265958745,0
496,0.690711583058709,0
497,0.684486756987672,0
498,0.701574514829733,0
499,0.694617356279751,0
500,0.72134749176126,0
501,0.71426827779812,0
502,0.737336750884902,0
503,0.707555230074454,0
504,0.905407054802881,1
505,0.758208226534847,1
506,0.733064811424387,0
507,0.742585133650677,0
508,0.749054070548029,0
509,0.732820700598071,0
510,0.707311119248139,0
511,0.719760771390211,0
512,0.71426827779812,0
513,0.74600268521909,0
514,0.769315269132186,1
515,0.742218967411205,0
516,0.746735017698035,0
517,0.731600146466496,0
518,0.745880629805932,0
519,0.751129012571708,1
520,0.748809959721714,0
521,0.75454656414012,1
522,0.74197485658489,0
523,0.738801415842793,0
524,0.701086293177102,0
525,0.725131209569144,0
526,0.740998413279629,0
527,0.737824972537532,0
528,0.731356035640181,0
529,0.748687904308556,0
530,0.756255339924326,1
531,0.73440742096912,0
532,0.731600146466496,0
533,0.907726107652875,1
534,0.886610521176614,1
535,0.727206151592823,0
536,0.728060539484926,0
537,0.72940314902966,0
538,0.746124740632247,0
539,0.742829244476993,0
540,0.777370926400586,1
541,0.716099108995484,0
542,0.698889295740266,0
543,0.696814353716587,0
544,0.678628097156109,0
545,0.756987672403271,1
546,0.743805687782253,0
547,0.725009154155987,0
548,0.786158916147931,1
549,0.728548761137557,0
550,0.743317466129623,0
551,0.714390333211278,0
552,0.656536067374588,0
553,0.641035029903576,0
554,0.700598071524472,0
555,0.680214817527157,0
556,0.669473941169291,0
557,0.676797265958745,0
558,0.668131331624558,0
559,0.684730867813988,0
560,0.683388258269254,0
561,0.761137556450629,1
562,0.774197485658489,1
563,0.790308800195289,1
564,0.790552911021604,1
565,0.75454656414012,1
566,0.741852801171732,0
567,0.77920175759795,1
568,0.766996216282192,1
569,0.785182472842671,1
570,0.753692176248017,1
571,0.768704992066398,1
572,0.686805809837666,0
573,0.732820700598071,0
574,0.714146222384963,0
575,0.717075552300745,0
576,0.686927865250824,0
577,0.680947150006103,0
578,0.65897717563774,0
579,0.682045648724521,0
580,0.691321860124496,0
581,0.686561699011351,0
582,0.639570364945685,0
583,0.637739533748322,0
584,0.812522885389967,1
585,0.693274746735018,0
586,0.690101305992921,0
587,0.674600268521909,0
588,0.67655315513243,0
589,0.673013548150861,0
590,0.692542414256072,0
591,0.683632369095569,0
592,0.6841205907482,0
593,0.65494934700354,0
594,0.683754424508727,0
595,0.679482485048212,0
596,0.681801537898206,0
597,0.698401074087636,0
598,0.660319785182473,0
599,0.672647381911388,0
600,0.712925668253387,0
601,0.697424630782375,0
602,0.707555230074454,0
603,0.6921762480166,0
604,0.677895764677164,0
605,0.672281215671915,0
606,0.661174173074576,0
607,0.705846454290248,0
608,0.701818625656048,0
609,0.663249115098255,0
610,0.690955693885024,0
611,0.691321860124496,0
612,0.672647381911388,0
613,0.683876479921884,0
614,0.631636763090443,0
615,0.666300500427194,0
616,0.658611009398267,0
617,0.64335408275357,0
618,0.669229830342976,0
619,0.696448187477115,0
620,0.677895764677164,0
621,0.660563896008788,0
622,0.679482485048212,0
623,0.690955693885024,0
624,0.67557671182717,0
625,0.676309044306115,0
626,0.686927865250824,0
627,0.688392530208715,0
628,0.671792994019285,0
629,0.687049920663981,0
630,0.6720371048456,0
631,0.694739411692909,0
632,0.679482485048212,0
633,0.686805809837666,0
634,0.705602343463933,0
635,0.706944953008666,0
636,0.667765165385085,0
637,0.674600268521909,0
638,0.678872207982424,0
639,0.702062736482363,0
640,0.705358232637618,0
641,0.828390089100452,1
642,0.744293909434883,0
643,0.698156963261321,0
644,0.705480288050775,0
645,0.702428902721836,0
646,0.63481020383254,0
647,0.639692420358843,0
648,0.62321493958257,0
649,0.641035029903576,0
650,0.598193579885268,0
651,0.600268521908947,0
652,0.596362748687904,0
653,0.626998657390455,0
654,0.634688148419382,0
655,0.640302697424631,0
656,0.637617478335164,0
657,0.69718051995606,0
658,0.687904308556085,0
659,0.665812278774564,0
660,0.721103380934945,0
661,0.675942878066642,0
662,0.693274746735018,0
663,0.681923593311363,0
664,0.652020017087758,0
665,0.695959965824484,0
666,0.681679482485048,0
667,0.687294031490297,0
668,0.690467472232394,0
669,0.68106920541926,0
670,0.707921396313927,0
671,0.854021725863542,1
672,0.700964237763945,0
673,0.735017698034908,0
674,0.686439643598194,0
675,0.683266202856097,0
676,0.632369095569389,0
677,0.713169779079702,0
678,0.661784450140364,0
679,0.641035029903576,0
680,0.629561821066764,0
681,0.653118515806176,0
682,0.632124984743073,0
683,0.645184913950934,0
684,0.670206273648236,0
685,0.672647381911388,0
686,0.677529598437691,0
687,0.664225558403515,0
688,0.667887220798242,0
689,0.660197729769315,0
690,0.690589527645551,0
691,0.679726595874527,0
692,0.674722323935066,0
693,0.689613084340291,0
694,0.685829366532406,0
695,0.702795068961309,0
696,0.674966434761382,0
697,0.68509703405346,0
698,0.673989991456121,0
699,0.65494934700354,0
700,0.645795191016722,0
701,0.626998657390455,0
702,0.645429024777249,0
703,0.627486879043086,0
704,0.683754424508727,0
705,0.732210423532284,0
706,0.735139753448065,0
707,0.741730745758574,0
708,0.738679360429635,0
709,0.74343952154278,0
710,0.769559379958501,1
711,0.734529476382278,0
712,0.710118393750763,0
713,0.741608690345417,0
714,0.730135481508605,0
715,0.713658000732333,0
716,0.702917124374466,0
717,0.713413889906017,0
718,0.696814353716587,0
719,0.700964237763945,0
720,0.711216892469181,0
721,0.677163432198218,0
722,0.662516782619309,0
723,0.671426827779812,0
724,0.716953496887587,0
725,0.671792994019285,0
726,0.644940803124619,0
727,0.657878676919321,0
728,0.821066764310997,1
729,0.66752105455877,0
730,0.65946539729037,0
731,0.672647381911388,0
732,0.703893567679727,0
733,0.744293909434883,0
734,0.701940681069205,0
735,0.741242524105944,0
736,0.710118393750763,0
737,0.703771512266569,0
738,0.73843524960332,0
739,0.730013426095447,0
740,0.737702917124374,0
741,0.752471622116441,1
742,0.723178322958623,0
743,0.727084096179666,0
744,0.699255461979739,0
745,0.608202123764189,0
746,0.629439765653607,0
747,0.621384108385207,0
748,0.566459172464299,0
749,0.54326864396436,0
750,0.620041498840474,0
751,0.635908702550958,0
752,0.628463322348346,0
753,0.710606615403393,0
754,0.658122787745637,0
755,0.683510313682412,0
756,0.711338947882339,0
757,0.665568167948249,0
758,0.685219089466618,0
759,0.703039179787624,0
760,0.658488953985109,0
761,0.696936409129745,0
762,0.672403271085073,0
763,0.69266446966923,0
764,0.694495300866594,0
765,0.68912486268766,0
766,0.717441718540217,0
767,0.724398877090199,0
768,0.743317466129623,0
769,0.757109727816429,1
770,0.735261808861223,0
771,0.744415964848041,0
772,0.661906505553521,0
773,0.712437446600757,0
774,0.780300256316368,1
775,0.781276699621628,1
776,0.777859148053216,1
777,0.761381667276944,1
778,0.756377395337483,1
779,0.756133284511168,1
780,0.76406688636641,1
781,0.730501647748078,0
782,0.743927743195411,0
783,0.717441718540217,0
784,0.733553033077017,0
785,0.750030513853289,1
786,0.746735017698035,0
787,0.726107652874405,0
788,0.728304650311241,0
789,0.719516660563896,0
790,0.730745758574393,0
791,0.731233980227023,0
792,0.689246918100818,0
793,0.710606615403393,0
794,0.718906383498108,0
795,0.738557305016478,0
796,0.731356035640181,0
797,0.726962040766508,0
798,0.731111924813866,0
799,0.707555230074454,0
800,0.708287562553399,0
801,0.714634444037593,0
802,0.698034907848163,0
803,0.72683998535335,0
804,0.734285365555962,0
805,0.740266080800684,0
806,0.733675088490175,0
807,0.73086781398755,0
808,0.762236055169047,1
809,0.728914927377029,0
810,0.726229708287563,0
811,0.743195410716465,0
812,0.733064811424387,0
813,0.749542292200659,1
814,0.729769315269132,0
815,0.719516660563896,0
816,0.765409495911144,1
817,0.730257536921762,0
818,0.699865739045527,0
819,0.735627975100696,0
820,0.718784328084951,0
821,0.715854998169169,0
822,0.737580861711217,0
823,0.703039179787624,0
824,0.705480288050775,0
825,0.710362504577078,0
826,0.727572317832296,0
827,0.699255461979739,0
828,0.708409617966557,0
829,0.716221164408642,0
830,0.719516660563896,0
831,0.730989869400708,0
832,0.712193335774442,0
833,0.734163310142805,0
834,0.715977053582326,0
835,0.76003905773221,1
836,0.716465275234957,0
837,0.762358110582204,1
838,0.720981325521787,0
839,0.717929940192848,0
840,0.66752105455877,0
841,0.678872207982424,0
842,0.69766874160869,0
843,0.689368973513975,0
844,0.670938606127182,0
845,0.650677407543025,0
846,0.654339069937752,0
847,0.646771634321982,0
848,0.651287684608812,0
849,0.695715854998169,0
850,0.726473819113878,0
851,0.705114121811302,0
852,0.721469547174417,0
853,0.702673013548151,0
854,0.718540217258635,0
855,0.723544489198096,0
856,0.710118393750763,0
857,0.730745758574393,0
858,0.701086293177102,0
859,0.731356035640181,0
860,0.722690101305993,0
861,0.697912852435006,0
862,0.725497375808617,0
863,0.682777981203466,0
864,0.674478213108751,0
865,0.667643109971927,0
866,0.680947150006103,0
867,0.652386183327231,0
868,0.677773709264006,0
869,0.688270474795557,0
870,0.666178445014036,0
871,0.702917124374466,0
872,0.749786403026974,1
873,0.703893567679727,0
874,0.730013426095447,0
875,0.702184791895521,0
876,0.70572439887709,0
877,0.703649456853411,0
878,0.6720371048456,0
879,0.665690223361406,0
880,0.677529598437691,0
881,0.665446112535091,0
882,0.657268399853533,0
883,0.721957768827048,0
884,0.719516660563896,0
885,0.685585255706091,0
886,0.720493103869157,0
887,0.720004882216526,0
888,0.691810081777127,0
889,0.70572439887709,0
890,0.684364701574515,0
891,0.704137678506042,0
892,0.709874282924448,0
893,0.689368973513975,0
894,0.714878554863908,0
895,0.682533870377151,0
896,0.660563896008788,0
897,0.740876357866471,0
898,0.713169779079702,0
899,0.798608568290004,1
900,0.762358110582204,1
901,0.779812034663737,1
902,0.837178078847797,1
903,0.806664225558404,1
904,0.822531429268888,1
905,0.816428658611009,1
906,0.825826925424143,1
907,0.828268033687294,1
908,0.83351641645307,1
909,0.863786158916148,1
910,0.877578420602954,1
911,0.863297937263518,1
912,0.812522885389967,1
913,0.802392286097888,1
914,0.82643720248993,1
915,0.861589161479312,1
916,0.832539973147809,1
917,0.819357988526791,1
918,0.838398632979373,1
919,0.820090321005737,1
920,0.847430733553033,1
921,0.849261564750397,1
922,0.733797143903332,0
923,0.869278652508239,1
924,0.855486390821433,1
925,0.844989625289882,1
926,0.822897595508361,1
927,0.792139631392652,1
928,0.747223239350665,0
929,0.787013304040034,1
930,0.262663249115098,0
931,0.0969119980471134,0
932,0.0435737824972538,0
933,0.0251434151104602,0
934,0.184791895520566,0
935,0.746612962284877,0
936,0.687294031490297,0
937,0.618454778469425,0
938,0.693030635908703,0
939,0.68106920541926,0
940,0.654583180764067,0
941,0.635420480898328,0
942,0.601000854387892,0
943,0.703039179787624,0
944,0.710972781642866,0
945,0.794580739655804,1
946,0.806664225558404,1
947,0.792139631392652,1
948,0.815086049066276,1
949,0.789332356890028,1
950,0.779934090076895,1
951,0.758330281948004,1
952,0.768704992066398,1
953,0.729159038203344,0
954,0.75857439277432,1
955,0.739655803734896,0
956,0.717075552300745,0
957,0.748077627242768,0
958,0.720859270108629,0
959,0.747345294763823,0
960,0.728548761137557,0
961,0.754180397900647,1
962,0.790064689368974,1
963,0.767728548761138,1
964,0.740266080800684,0
965,0.778103258879531,1
966,0.750396680092762,1
967,0.749664347613817,1
968,0.725131209569144,0
969,0.777859148053216,1
970,0.754912730379592,1
971,0.786891248626877,1
972,0.774075430245331,1
973,0.762846332234835,1
974,0.756499450750641,1
975,0.770291712437447,1
976,0.735994141340168,0
977,0.730501647748078,0
978,0.71280361284023,0
979,0.712681557427072,0
980,0.773709264005859,1
981,0.748809959721714,0
982,0.779934090076895,1
983,0.753203954595386,1
984,0.758330281948004,1
985,0.697424630782375,0
986,0.667154888319297,0
987,0.693885023800806,0
988,0.671792994019285,0
989,0.685219089466618,0
990,0.730623703161235,0
991,0.719638715977054,0
992,0.680214817527157,0
993,0.680825094592945,0
994,0.707799340900769,0
995,0.690589527645551,0
996,0.728304650311241,0
997,0.716465275234957,0
998,0.707799340900769,0
999,0.722934212132308,0
1000,0.727938484071769,0
1001,0.701452459416575,0
1002,0.734651531795435,0
1003,0.740998413279629,0
1004,0.72989137068229,0
1005,0.71731966312706,0
1006,0.766019772976932,1
1007,0.812034663737337,1
1008,0.773587208592701,1
1009,0.803124618576834,1
1010,0.77114610032955,1
1011,0.819968265592579,1
1012,0.813621384108385,1
1013,0.829610643232027,1
1014,0.78823385817161,1
1015,0.771878432808495,1
1016,0.743683632369096,0
1017,0.828023922860979,1
1018,0.846210179421457,1
1019,0.821188819724155,1
1020,0.762358110582204,1
1021,0.791895520566337,1
1022,0.80080556572684,1
1023,0.781032588795313,1
1024,0.760771390211156,1
1025,0.81288905162944,1
1026,0.782619309166362,1
1027,0.828390089100452,1
1028,0.816550714024167,1
1029,0.751251067984865,1
1030,0.821310875137312,1
1031,0.804101061882095,1
1032,0.729525204442817,0
1033,0.735139753448065,0
1034,0.706334675942878,0
1035,0.659709508116685,0
1036,0.641645306969364,0
1037,0.628341266935189,0
1038,0.645795191016722,0
1039,0.648236299279873,0
1040,0.688514585621872,0
1041,0.740754302453314,0
1042,0.79323813011107,1
1043,0.776516538508483,1
1044,0.785060417429513,1
1045,0.798852679116319,1
1046,0.773343097766386,1
1047,0.765409495911144,1
1048,0.761991944342732,1
1049,0.760161113145368,1
1050,0.760893445624313,1
1051,0.75552300744538,1
1052,0.776394483095325,1
1053,0.72940314902966,0
1054,0.772488709874283,1
1055,0.742096911998047,0
1056,0.74600268521909,0
1057,0.779567923837422,1
1058,0.81240082997681,1
1059,0.785914805321616,1
1060,0.738557305016478,0
1061,0.724642987916514,0
1062,0.762480165995362,1
1063,0.756621506163798,1
1064,0.756865616990113,1
1065,0.761137556450629,1
1066,0.736360307579641,0
1067,0.755400952032223,1
1068,0.776760649334798,1
1069,0.756133284511168,1
1070,0.724642987916514,0
1071,0.776882704747956,1
1072,0.745758574392774,0
1073,0.70877578420603,0
1074,0.714146222384963,0
1075,0.782131087513731,1
1076,0.745392408153302,0
1077,0.735383864274381,0
1078,0.756255339924326,1
1079,0.794824850482119,1
1080,0.77163432198218,1
1081,0.756743561576956,1
1082,0.707311119248139,0
1083,0.723910655437569,0
1084,0.706456731356036,0
1085,0.746735017698035,0
1086,0.70926400585866,0
1087,0.716221164408642,0
1088,0.743927743195411,0
1089,0.757842060295374,1
1090,0.759306725253265,1
1091,0.766507994629562,1
1092,0.771268155742707,1
1093,0.863786158916148,1
1094,0.860978884413524,1
1095,0.852557060905651,1
1096,0.849139509337239,1
1097,0.805443671426828,1
1098,0.842426461613573,1
1099,0.770291712437447,1
1100,0.715610887342854,0
1101,0.742218967411205,0
1102,0.803246673989991,1
1103,0.772000488221653,1
1104,0.789820578542658,1
1105,0.796533626266325,1
1106,0.77920175759795,1
1107,0.744782131087514,0
1108,0.716099108995484,0
1109,0.773831319419016,1
1110,0.790430855608446,1
1111,0.811180275845234,1
1112,0.802148175271573,1
1113,0.788111802758452,1
1114,0.778225314292689,1
1115,0.787867691932137,1
1116,0.783229586232149,1
1117,0.792017575979495,1
1118,0.817649212742585,1
1119,0.781520810447943,1
1120,0.808983278408397,1
1121,0.828023922860979,1
1122,0.855364335408275,1
1123,0.801049676553155,1
1124,0.853167337971439,1
1125,0.784572195776883,1
1126,0.808006835103137,1
1127,0.781764921274259,1
1128,0.707311119248139,0
1129,0.701086293177102,0
1130,0.701818625656048,0
1131,0.634566093006225,0
1132,0.61369461735628,0
1133,0.621994385450995,0
1134,0.629195654827292,0
1135,0.661906505553521,0
1136,0.699621628219212,0
1137,0.745514463566459,0
1138,0.751373123398023,1
1139,0.706090565116563,0
1140,0.777615037226901,1
1141,0.740510191626999,0
1142,0.750030513853289,1
1143,0.756133284511168,1
1144,0.732698645184914,0
1145,0.742707189063835,0
1146,0.728304650311241,0
1147,0.695471744171854,0
1148,0.722690101305993,0
1149,0.715977053582326,0
1150,0.758086171121689,1
1151,0.740266080800684,0
1152,0.743195410716465,0
1153,0.740754302453314,0
1154,0.741730745758574,0
1155,0.70975222751129,0
1156,0.703161235200781,0
1157,0.722079824240205,0
1158,0.695715854998169,0
1159,0.673867936042964,0
1160,0.680703039179788,0
1161,0.680703039179788,0
1162,0.647259855974612,0
1163,0.674234102282436,0
1164,0.735994141340168,0
1165,0.731478091053338,0
1166,0.751373123398023,1
1167,0.741364579519102,0
1168,0.748443793482241,0
1169,0.740876357866471,0
1170,0.74343952154278,0
1171,0.747589405590138,0
1172,0.740266080800684,0
1173,0.762724276821677,1
1174,0.797998291224216,1
1175,0.752837788355914,1
1176,0.757353838642744,1
1177,0.69718051995606,0
1178,0.666422555840352,0
1179,0.679482485048212,0
1180,0.661174173074576,0
1181,0.660808006835103,0
1182,0.655803734895643,0
1183,0.691810081777127,0
1184,0.702795068961309,0
1185,0.73440742096912,0
1186,0.757964115708532,1
1187,0.751983400463811,1
1188,0.742829244476993,0
1189,0.75149517881118,1
1190,0.778225314292689,1
1191,0.781276699621628,1
1192,0.737336750884902,0
1193,0.794458684242646,1
1194,0.784450140363725,1
1195,0.734285365555962,0
1196,0.739167582082265,0
1197,0.720859270108629,0
1198,0.748443793482241,0
1199,0.751739289637495,1
1200,0.720615159282314,0
1201,0.753570120834859,1
1202,0.73037959233492,0
1203,0.733308922250702,0
1204,0.708043451727084,0
1205,0.747711461003296,0
1206,0.698767240327108,0
1207,0.726473819113878,0
1208,0.74746735017698,0
1209,0.74295129989015,0
1210,0.775784206029537,1
1211,0.751251067984865,1
1212,0.778225314292689,1
1213,0.758696448187477,1
1214,0.773098986940071,1
1215,0.772366654461125,1
1216,0.85060417429513,1
1217,0.865250823874039,1
1218,0.837178078847797,1
1219,0.813255217868913,1
1220,0.858415720737215,1
1221,0.832784083974124,1
1222,0.883192969608202,1
1223,0.829854754058343,1
1224,0.762236055169047,1
1225,0.74343952154278,0
1226,0.70523617722446,0
1227,0.678383986329794,0
1228,0.673013548150861,0
1229,0.653606737458806,0
1230,0.631514707677286,0
1231,0.636885145856219,0
1232,0.731722201879653,0
1233,0.780544367142683,1
1234,0.789454412303186,1
1235,0.780910533382156,1
1236,0.783839863297937,1
1237,0.754058342487489,1
1238,0.739655803734896,0
1239,0.769071158305871,1
1240,0.768704992066398,1
1241,0.744293909434883,0
1242,0,0
1243,0.722201879653363,0
1244,0.68863664103503,0
1245,0.689979250579763,0
1246,0.723788600024411,0
1247,0.704381789332357,0
1248,0.707921396313927,0
1249,0.700598071524472,0
1250,0.763944830953253,1
1251,0.732332478945441,0
1252,0.740754302453314,0
1253,0.723422433784938,0
1254,0.75955083607958,1
1255,0.782985475405834,1
1256,0.769681435371659,1
1257,0.771268155742707,1
1258,0.76003905773221,1
1259,0.796899792505798,1
1260,0.782253142926889,1
1261,0.779934090076895,1
1262,0.781886976687416,1
1263,0.765653606737459,1
1264,0.807518613450507,1
1265,0.748321738069083,0
1266,0.789332356890028,1
1267,0.770413767850604,1
1268,0.758940559013792,1
1269,0.782863419992677,1
1270,0.814963993653119,1
1271,0.782131087513731,1
1272,0.783473697058464,1
1273,0.746246796045405,0
1274,0.764799218845356,1
1275,0.713535945319175,0
1276,0.692908580495545,0
1277,0.716221164408642,0
1278,0.804589283534725,1
1279,0.773709264005859,1
1280,0.76406688636641,1
1281,0.739655803734896,0
1282,0.757842060295374,1
1283,0.749420236787501,1
1284,0.788600024411083,1
1285,0.774563651897962,1
1286,0.818747711461003,1
1287,0.799707067008422,1
1288,0.828145978274136,1
1289,0.814841938239961,1
1290,0.764799218845356,1
1291,0.79628951544001,1
1292,0.753936287074332,1
1293,0.765531551324301,1
1294,0.802148175271573,1
1295,0.778103258879531,1
1296,0.800927621139998,1
1297,0.793848407176858,1
1298,0.798242402050531,1
1299,0.77920175759795,1
1300,0.758330281948004,1
1301,0.798364457463689,1
1302,0.832539973147809,1
1303,0.840229464176736,1
1304,0.8299768094715,1
1305,0.850360063468815,1
1306,0.859025997803003,1
1307,0.861345050652997,1
1308,0.858049554497742,1
1309,0.807640668863664,1
1310,0.80434517270841,1
1311,0.809471500061028,1
1312,0.885389967045038,1
1313,0.84706456731356,1
1314,0.889051629439766,1
1315,0.851580617600391,1
1316,0.889417795679238,1
1317,0.873550591968754,1
1318,0.870010984987184,1
1319,0.817160991089955,1
1320,0.750762846332235,1
1321,0.743195410716465,0
1322,0.73391919931649,0
1323,0.684242646161357,0
1324,0.67154888319297,0
1325,0.669718051995606,0
1326,0.70975222751129,0
1327,0.659221286464055,0
1328,0.743195410716465,0
1329,0.797510069571586,1
1330,0.835103136824118,1
1331,0.817038935676797,1
1332,0.854021725863542,1
1333,0.813011107042597,1
1334,0.843524960331991,1
1335,0.85914805321616,1
1336,0.818503600634688,1
1337,0.800439399487367,1
1338,0.806420114732088,1
1339,0.817771268155743,1
1340,0.828878310753082,1
1341,0.81740510191627,1
1342,0.828756255339924,1
1343,0.794580739655804,1
1344,0.790552911021604,1
1345,0.829610643232027,1
1346,0.773465153179544,1
1347,0.749908458440132,1
1348,0.750762846332235,1
1349,0.779323813011107,1
1350,0.78469425119004,1
1351,0.777981203466374,1
1352,0.799951177834737,1
1353,0.756255339924326,1
1354,0.754668619553277,1
1355,0.791407298913707,1
1356,0.776028316855852,1
1357,0.790674966434761,1
1358,0.783961918711095,1
1359,0.784938362016355,1
1360,0.764433052605883,1
1361,0.739533748321738,0
1362,0.791407298913707,1
1363,0.785060417429513,1
1364,0.801659953618943,1
1365,0.785792749908458,1
1366,0.8219211522031,1
1367,0.770413767850604,1
1368,0.752593677529598,1
1369,0.73440742096912,0
1370,0.727816428658611,0
1371,0.727206151592823,0
1372,0.747589405590138,0
1373,0.745514463566459,0
1374,0.758452337361162,1
1375,0.704870010984987,0
1376,0.767240327108507,1
1377,0.768460881240083,1
1378,0.805809837666301,1
1379,0.797021847918955,1
1380,0.743683632369096,0
1381,0.821310875137312,1
1382,0.805443671426828,1
1383,0.835347247650433,1
1384,0.794458684242646,1
1385,0.810569998779446,1
1386,0.831441474429391,1
1387,0.842304406200415,1
1388,0.82143293055047,1
1389,0.834859025997803,1
1390,0.820822653484682,1
1391,0.803612840229464,1
1392,0.858415720737215,1
1393,0.786769193213719,1
1394,0.800561454900525,1
1395,0.831441474429391,1
1396,0.821677041376785,1
1397,0.808250945929452,1
1398,0.780056145490053,1
1399,0.741364579519102,0
1400,0.776272427682168,1
1401,0.790797021847919,1
1402,0.802758452337361,1
1403,0.81740510191627,1
1404,0.859880385695106,1
1405,0.856951055779324,1
1406,0.811546442084706,1
1407,0.8098376663005,1
1408,0.812156719150494,1
1409,0.838276577566215,1
1410,0.852557060905651,1
1411,0.878921030147687,1
1412,0.862931771024045,1
1413,0.870865372879287,1
1414,0.883437080434517,1
1415,0.862931771024045,1
1416,0.710362504577078,0
1417,0.691199804711339,0
1418,0.682777981203466,0
1419,0.686927865250824,0
1420,0.640790919077261,0
1421,0.616257781032589,0
1422,0.663249115098255,0
1423,0.661540339314049,0
1424,0.727328207005981,0
1425,0.776516538508483,1
1426,0.82643720248993,1
1427,0.837178078847797,1
1428,0.887709019895032,1
1429,0.852557060905651,1
1430,0.844135237397779,1
1431,0.850726229708288,1
1432,0.856096667887221,1
1433,0.871841816184548,1
1434,0.814109605761016,1
1435,0.832173806908336,1
1436,0.850726229708288,1
1437,0.838886854632003,1
1438,0.828145978274136,1
1439,0.838154522153058,1
1440,0.821188819724155,1
1441,0.847430733553033,1
1442,0.785182472842671,1
1443,0.795435127547907,1
1444,0.833150250213597,1
1445,0.773953374832174,1
1446,0.801537898205785,1
1447,0.780300256316368,1
1448,0.795313072134749,1
1449,0.774563651897962,1
1450,0.819235933113634,1
1451,0.804467228121567,1
1452,0.793482240937386,1
1453,0.807762724276822,1
1454,0.800927621139998,1
1455,0.809593555474185,1
1456,0.782253142926889,1
1457,0.804711338947882,1
1458,0.803124618576834,1
1459,0.816794824850482,1
1460,0.834736970584645,1
1461,0.793116074697913,1
1462,0.799096789942634,1
1463,0.818991822287318,1
1464,0.818381545221531,1
1465,0.757597949469059,1
1466,0.804101061882095,1
1467,0.741852801171732,0
1468,0.78469425119004,1
1469,0.794458684242646,1
1470,0.774929818137434,1
1471,0.786403026974246,1
1472,0.770291712437447,1
1473,0.785792749908458,1
1474,0.77212254363481,1
1475,0.807518613450507,1
1476,0.788355913584768,1
1477,0.794824850482119,1
1478,0.760649334797998,1
1479,0.77920175759795,1
1480,0.796411570853167,1
1481,0.791163188087392,1
1482,0.799218845355792,1
1483,0.822531429268888,1
1484,0.788477968997925,1
1485,0.792994019284755,1
1486,0.804711338947882,1
1487,0.810692054192603,1
1488,0.77114610032955,1
1489,0.764310997192725,1
1490,0.754302453313805,1
1491,0.695715854998169,0
1492,0.706090565116563,0
1493,0.725253264982302,0
1494,0.740021969974368,0
1495,0.728182594898084,0
1496,0.726473819113878,0
1497,0,0
1498,0.756499450750641,1
1499,0.694129134627121,0
1500,0.756621506163798,1
1501,0.798242402050531,1
1502,0.675210545587697,0
1503,0.788844135237398,1
1504,0.803856951055779,1
1505,0.828512144513609,1
1506,0.819357988526791,1
1507,0.822409373855731,1
1508,0.813011107042597,1
1509,0.810692054192603,1
1510,0.8259489808373,1
1511,0.777492981813743,1
1512,0.751251067984865,1
1513,0.739777859148053,0
1514,0.698156963261321,0
1515,0.662882948858782,0
1516,0.660319785182473,0
1517,0.659343341877212,0
1518,0.684852923227145,0
1519,0.645429024777249,0
1520,0.716221164408642,0
1521,0.857683388258269,1
1522,0.82900036616624,1
1523,0.767240327108507,1
1524,0.803979006468937,1
1525,0.770047601611132,1
1526,0.767850604174295,1
1527,0.797632124984743,1
1528,0.825582814597827,1
1529,0.819602099353106,1
1530,0.820456487245209,1
1531,0.816184547784694,1
1532,0.836201635542536,1
1533,0.801659953618943,1
1534,0.829854754058343,1
1535,0.788966190650555,1
1536,0.807396558037349,1
1537,0.774807762724277,1
1538,0.791041132674234,1
1539,0.794580739655804,1
1540,0.781032588795313,1
1541,0.800073233247895,1
1542,0.778103258879531,1
1543,0.780056145490053,1
1544,0.78420602953741,1
1545,0.795191016721592,1
1546,0.76309044306115,1
1547,0.790552911021604,1
1548,0.799585011595264,1
1549,0.773587208592701,1
1550,0.77968997925058,1
1551,0.798364457463689,1
1552,0.786647137800562,1
1553,0.789820578542658,1
1554,0.801782009032101,1
1555,0.791163188087392,1
1556,0.827291590382033,1
1557,0.785792749908458,1
1558,0.794336628829489,1
1559,0.787989747345295,1
1560,0.720004882216526,0
1561,0.754790674966435,1
1562,0.727328207005981,0
1563,0.745514463566459,0
1564,0.698645184913951,0
1565,0.713535945319175,0
1566,0.72940314902966,0
1567,0.75552300744538,1
1568,0.74343952154278,0
1569,0.80434517270841,1
1570,0.813743439521543,1
1571,0.814353716587331,1
1572,0.837422189674112,1
1573,0.823874038813621,1
1574,0.818991822287318,1
1575,0.794580739655804,1
1576,0.786647137800562,1
1577,0.778957646771634,1
1578,0.792871963871598,1
1579,0.795923349200537,1
1580,0.832784083974124,1
1581,0.788355913584768,1
1582,0.842670572439888,1
1583,0.801904064445258,1
1584,0.798730623703161,1
1585,0.739045526669108,0
1586,0.761747833516416,1
1587,0.719516660563896,0
1588,0.69718051995606,0
1589,0.728914927377029,0
1590,0.745026241913829,0
1591,0.79677773709264,1
1592,0.811912608324179,1
1593,0.807518613450507,1
1594,0.757109727816429,1
1595,0.801171731966313,1
1596,0.804223117295252,1
1597,0.791895520566337,1
1598,0.772976931526913,1
1599,0.829122421579397,1
1600,0.762480165995362,1
1601,0.835957524716221,1
1602,0.820700598071525,1
1603,0.822775540095203,1
1604,0.82546075918467,1
1605,0.841205907481997,1
1606,0.841327962895154,1
1607,0.840961796655682,1
1608,0.763456609300623,1
1609,0.694617356279751,0
1610,0.667154888319297,0
1611,0.6720371048456,0
1612,0.65092151836934,0
1613,0.654827291590382,0
1614,0.648846576345661,0
1615,0.629683876479922,0
1616,0.701086293177102,0
1617,0.749420236787501,1
1618,0.803612840229464,1
1619,0.807640668863664,1
1620,0.844745514463566,1
1621,0.823263761747834,1
1622,0.794214573416331,1
1623,0.811546442084706,1
1624,0.778103258879531,1
1625,0.785548639082143,1
1626,0.777859148053216,1
1627,0.793848407176858,1
1628,0.8098376663005,1
1629,0.77968997925058,1
1630,0.853289393384597,1
1631,0.800195288661052,1
1632,0.762358110582204,1
1633,0.784083974124252,1
1634,0.760283168558526,1
1635,0.804955449774198,1
1636,0.813499328695228,1
1637,0.808006835103137,1
1638,0.822409373855731,1
1639,0.821188819724155,1
1640,0.832417917734652,1
1641,0.825338703771512,1
1642,0.818503600634688,1
1643,0.797388014158428,1
1644,0.82546075918467,1
1645,0.844013181984621,1
1646,0.839619187110948,1
1647,0.777004760161113,1
1648,0.833272305626755,1
1649,0.820822653484682,1
1650,0.785792749908458,1
1651,0.793482240937386,1
1652,0.795923349200537,1
1653,0.770413767850604,1
1654,0.778713535945319,1
1655,0.787501525692665,1
1656,0.689002807274503,0
1657,0.72232393506652,0
1658,0.729525204442817,0
1659,0.723300378371781,0
1660,0.70120834859026,0
1661,0.726962040766508,0
1662,0.719516660563896,0
1663,0.768704992066398,1
1664,0.807762724276822,1
1665,0.819846210179421,1
1666,0.790186744782131,1
1667,0.764310997192725,1
1668,0.747101183937508,0
1669,0.767484437934822,1
1670,0.819602099353106,1
1671,0.80532161601367,1
1672,0.792994019284755,1
1673,0.804101061882095,1
1674,0.786769193213719,1
1675,0.807030391797876,1
1676,0.805077505187355,1
1677,0.822409373855731,1
1678,0.768827047479556,1
1679,0.80886122299524,1
1680,0.802636396924204,1
1681,0.768216770413768,1
1682,0.72232393506652,0
1683,0.753814231661174,1
1684,0.753936287074332,1
1685,0.816428658611009,1
1686,0.810447943366288,1
1687,0.813743439521543,1
1688,0.778225314292689,1
1689,0.810081777126816,1
1690,0.803002563163676,1
1691,0.818503600634688,1
1692,0.779812034663737,1
1693,0.795923349200537,1
1694,0.814231661174173,1
1695,0.840107408763579,1
1696,0.832417917734652,1
1697,0.858903942389845,1
1698,0.845355791529354,1
1699,0.83449285975833,1
1700,0.833760527279385,1
1701,0.834736970584645,1
1702,0.815818381545222,1
1703,0.799707067008422,1
1704,0.706944953008666,0
1705,0.703527401440254,0
1706,0.703283290613939,0
1707,0.654339069937752,0
1708,0.653606737458806,0
1709,0.635176370072013,0
1710,0.626998657390455,0
1711,0.608934456243134,0
1712,0.753448065421702,1
1713,0.800561454900525,1
1714,0.773098986940071,1
1715,0.755278896619065,1
1716,0.806420114732088,1
1717,0.806786280971561,1
1718,0.771512266569022,1
1719,0.804467228121567,1
1720,0.76711827169535,1
1721,0.810081777126816,1
1722,0.757109727816429,1
1723,0.775418039790065,1
1724,0.807030391797876,1
1725,0.760527279384841,1
1726,0.825826925424143,1
1727,0.852557060905651,1
1728,0.823141706334676,1
1729,0.798120346637373,1
1730,0.831075308189918,1
1731,0.8501159526425,1
1732,0.794214573416331,1
1733,0.789088246063713,1
1734,0.783473697058464,1
1735,0.801171731966313,1
1736,0.778591480532162,1
1737,0.815330159892591,1
1738,0.808006835103137,1
1739,0.766996216282192,1
1740,0.737580861711217,0
1741,0.767728548761138,1
1742,0.784816306603198,1
1743,0.733064811424387,0
1744,0.794458684242646,1
1745,0.763212498474307,1
1746,0.792505797632125,1
1747,0.839130965458318,1
1748,0.803612840229464,1
1749,0.783473697058464,1
1750,0.796655681679483,1
1751,0.824850482118882,1
1752,0.794092518003173,1
1753,0.754058342487489,1
1754,0.739777859148053,0
1755,0.766874160869035,1
1756,0.724765043329672,0
1757,0.77114610032955,1
1758,0.766507994629562,1
1759,0.753203954595386,1
1760,0.744904186500671,0
1761,0.749176125961186,0
1762,0.769559379958501,1
1763,0.743195410716465,0
1764,0.756011229098011,1
1765,0.758086171121689,1
1766,0.777859148053216,1
1767,0.675942878066642,0
1768,0.673989991456121,0
1769,0.722445990479678,0
1770,0.769071158305871,1
1771,0.749664347613817,1
1772,0.758208226534847,1
1773,0.838276577566215,1
1774,0.815330159892591,1
1775,0.841450018308312,1
1776,0.851336506774075,1
1777,0.830953252776761,1
1778,0.811302331258391,1
1779,0.813987550347858,1
1780,0.815452215305749,1
1781,0.848773343097766,1
1782,0.852801171731966,1
1783,0.834981081410961,1
1784,0.865006713047724,1
1785,0.847430733553033,1
1786,0.861467106066154,1
1787,0.886244354937141,1
1788,0.884413523739778,1
1789,0.840351519589894,1
1790,0.869766874160869,1
1791,0.838154522153058,1
1792,0.771756377395338,1
1793,0.826681313316246,1
1794,0.78774563651898,1
1795,0.834981081410961,1
1796,0.819602099353106,1
1797,0.810814109605761,1
1798,0.813011107042597,1
1799,0.828390089100452,1
1800,0.749908458440132,1
1801,0.743927743195411,0
1802,0.706334675942878,0
1803,0.67704137678506,0
1804,0.679604540461369,0
1805,0.695715854998169,0
1806,0.683388258269254,0
1807,0.66446966922983,0
1808,0.656536067374588,0
1809,0.817527157329428,1
1810,0.825094592945197,1
1811,0.782741364579519,1
1812,0.780910533382156,1
1813,0.772732820700598,1
1814,0.776394483095325,1
1815,0.783961918711095,1
1816,0.804467228121567,1
1817,0.785426583668986,1
1818,0.790308800195289,1
1819,0.831563529842549,1
1820,0.802148175271573,1
1821,0.82094470889784,1
1822,0.825826925424143,1
1823,0.790797021847919,1
1824,0.79726595874527,1
1825,0.807518613450507,1
1826,0.76809471500061,1
1827,0.782375198340046,1
1828,0.720493103869157,0
1829,0.749664347613817,1
1830,0.778591480532162,1
1831,0.770047601611132,1
1832,0.751373123398023,1
1833,0.728426705724399,0
1834,0.753570120834859,1
1835,0.772854876113756,1
1836,0.775784206029537,1
1837,0.781032588795313,1
1838,0.789088246063713,1
1839,0.815330159892591,1
1840,0.787379470279507,1
1841,0.806053948492616,1
1842,0.811058220432076,1
1843,0.807518613450507,1
1844,0.820700598071525,1
1845,0.794214573416331,1
1846,0.811424386671549,1
1847,0.820822653484682,1
1848,0.820578542658367,1
1849,0.756865616990113,1
1850,0.764555108019041,1
1851,0.70975222751129,0
1852,0.74343952154278,0
1853,0.919931648968632,1
1854,0.761625778103259,1
1855,0.745148297326987,0
1856,0.8178933235689,1
1857,0.741486634932259,0
1858,0.778957646771634,1
1859,0.844013181984621,1
1860,0.846454290247773,1
1861,0.853533504210912,1
1862,0.798120346637373,1
1863,0.816428658611009,1
1864,0.815696326132064,1
1865,0.792627853045283,1
1866,0.801782009032101,1
1867,0.820822653484682,1
1868,0.872452093250336,1
1869,0.872085927010863,1
1870,0.906383498108141,1
1871,0.901623336994996,1
1872,0.898449896252899,1
1873,0.915659709508117,1
1874,0.887098742829245,1
1875,0.880629805931893,1
1876,0.882582692542414,1
1877,0.873428536555596,1
1878,0.890150128158184,1
1879,0.89185890394239,1
1880,0.874038813621384,1
1881,0.874893201513487,1
1882,0.87574758940559,1
1883,0.80080556572684,1
1884,0.826071036250458,1
1885,0.833882582692542,1
1886,0.892103014768705,1
1887,0.909923105089711,1
1888,0.901867447821311,1
1889,0.943610399121201,1
1890,0.921762480165995,1
1891,0.927010862931771,1
1892,0.953008665934334,1
1893,0.897473452947638,1
1894,0.850360063468815,1
1895,0.823629927987306,1
1896,0.76309044306115,1
1897,0.712437446600757,0
1898,0.733430977663859,0
1899,0.723910655437569,0
1900,0.753081899182229,1
1901,0.781764921274259,1
1902,0,0
1903,0.76260222140852,1
1904,0.752349566703283,1
1905,0.866349322592457,1
1906,0.883192969608202,1
1907,0.847674844379348,1
1908,0.838642743805688,1
1909,0.799218845355792,1
1910,0.814231661174173,1
1911,0.834736970584645,1
1912,0.818991822287318,1
1913,0.831807640668864,1
1914,0.823141706334676,1
1915,0.794092518003173,1
1916,0.81240082997681,1
1917,0.786769193213719,1
1918,0.778957646771634,1
1919,0.770779934090077,1
1920,0.770291712437447,1
1921,0.764310997192725,1
1922,0.769437324545344,1
1923,0.735627975100696,0
1924,0,0
1925,0.749420236787501,1
1926,0.735505919687538,0
1927,0.737580861711217,0
1928,0.723666544611254,0
1929,0.747833516416453,0
1930,0.715366776516538,0
1931,0.729647259855975,0
1932,0.706700842182351,0
1933,0.765775662150616,1
1934,0.734651531795435,0
1935,0.708409617966557,0
1936,0.720126937629684,0
1937,0.713535945319175,0
1938,0.72134749176126,0
1939,0.696570242890272,0
1940,0.73086781398755,0
1941,0.728914927377029,0
1942,0.76357866471378,1
1943,0.749054070548029,0
1944,0.736726473819114,0
1945,0.719760771390211,0
1946,0.764921274258513,1
1947,0.739655803734896,0
1948,0.736970584645429,0
1949,0.740021969974368,0
1950,0.755889173684853,1
1951,0.757353838642744,1
1952,0.726107652874405,0
1953,0.699621628219212,0
1954,0.719028438911266,0
1955,0.713169779079702,0
1956,0.714390333211278,0
1957,0.734285365555962,0
1958,0.777492981813743,1
1959,0.753448065421702,1
1960,0.76003905773221,1
1961,0.768827047479556,1
1962,0.756621506163798,1
1963,0.741730745758574,0
1964,0.759672891492738,1
1965,0.743195410716465,0
1966,0.747711461003296,0
1967,0.776028316855852,1
1968,0.760649334797998,1
1969,0.770291712437447,1
1970,0.73892347125595,0
1971,0.738801415842793,0
1972,0.752227511290126,1
1973,0.778347369705847,1
1974,0.750396680092762,1
1975,0.761747833516416,1
1976,0.770169657024289,1
1977,0.742341022824362,0
1978,0.767850604174295,1
1979,0.786525082387404,1
1980,0.776760649334798,1
1981,0.751617234224338,1
1982,0.797021847918955,1
1983,0.803002563163676,1
1984,0.8138654949347,1
1985,0.830953252776761,1
1986,0.83351641645307,1
1987,0.79677773709264,1
1988,0.817283046503112,1
1989,0.820700598071525,1
1990,0.825216648358355,1
1991,0.80886122299524,1
1992,0.687782253142927,0
1993,0.749176125961186,0
1994,0.699499572806054,0
1995,0.706090565116563,0
1996,0.699865739045527,0
1997,0.680092762114,0
1998,0.712071280361284,0
1999,0.731111924813866,0
2000,0.714390333211278,0
2001,0.737824972537532,0
2002,0.773709264005859,1
2003,0.773221042353228,1
2004,0.754058342487489,1
2005,0.756133284511168,1
2006,0.739777859148053,0
2007,0.718418161845478,0
2008,0.731844257292811,0
2009,0.688514585621872,0
2010,0.699255461979739,0
2011,0.658733064811424,0
2012,0.669962162821921,0
2013,0.687782253142927,0
2014,0.76003905773221,1
2015,0.697790797021848,0
2016,0.691199804711339,0
2017,0.69315269132186,0
2018,0.658244843158794,0
2019,0.680214817527157,0
2020,0.662272671792994,0
2021,0.673379714390333,0
2022,0.664347613816673,0
2023,0.684852923227145,0
2024,0.681801537898206,0
2025,0.679482485048212,0
2026,0.666300500427194,0
2027,0.6680092762114,0
2028,0.648236299279873,0
2029,0.684730867813988,0
2030,0.700598071524472,0
2031,0.683510313682412,0
2032,0.708165507140242,0
2033,0.69766874160869,0
2034,0.695837910411327,0
2035,0.714024166971805,0
2036,0.71280361284023,0
2037,0.724276821677041,0
2038,0.714390333211278,0
2039,0.738557305016478,0
2040,0.709996338337605,0
2041,0.715244721103381,0
2042,0.6760649334798,0
2043,0.66446966922983,0
2044,0.668619553277188,0
2045,0.671670938606127,0
2046,0.683754424508727,0
2047,0.674966434761382,0
2048,0.694007079213963,0
2049,0.693518857561333,0
2050,0.712193335774442,0
2051,0.677285487611376,0
2052,0.714146222384963,0
2053,0.739289637495423,0
2054,0.727450262419138,0
2055,0.761259611863786,1
2056,0.755767118271695,1
2057,0.778103258879531,1
2058,0.803734895642622,1
2059,0.795068961308434,1
2060,0.774319541071647,1
2061,0.766630050042719,1
2062,0.783473697058464,1
2063,0.772244599047968,1
2064,0.816794824850482,1
2065,0.764188941779568,1
2066,0.722690101305993,0
2067,0.756865616990113,1
2068,0.756377395337483,1
2069,0.83852068839253,1
2070,0.795801293787379,1
2071,0.780910533382156,1
2072,0.855608446234591,1
2073,0.851458562187233,1
2074,0.799951177834737,1
2075,0.824118149639937,1
2076,0.829366532405712,1
2077,0.826803368729403,1
2078,0.820212376418894,1
2079,0.832173806908336,1
2080,0.835591358476748,1
2081,0.940559013792262,1
2082,0.818503600634688,1
2083,0.848407176858294,1
2084,0.787989747345295,1
2085,0.765653606737459,1
2086,0.785060417429513,1
2087,0.828756255339924,1
2088,0.707189063834981,0
2089,0.702184791895521,0
2090,0.66446966922983,0
2091,0.693030635908703,0
2092,0.664347613816673,0
2093,0.669595996582448,0
2094,0.664957890882461,0
2095,0.705846454290248,0
2096,0.70572439887709,0
2097,0.75552300744538,1
2098,0.77114610032955,1
2099,0.805687782253143,1
2100,0.773587208592701,1
2101,0.74343952154278,0
2102,0.748687904308556,0
2103,0.775051873550592,1
2104,0.753448065421702,1
2105,0.842670572439888,1
2106,0.830709141950446,1
2107,0.853045282558281,1
2108,0.868424264616136,1
2109,0.856951055779324,1
2110,0.852068839253021,1
2111,0.812156719150494,1
2112,0.822775540095203,1
2113,0.839008910045161,1
2114,0.852557060905651,1
2115,0.838764799218845,1
2116,0.818747711461003,1
2117,0.818747711461003,1
2118,0.834981081410961,1
2119,0.77920175759795,1
2120,0.760527279384841,1
2121,0.777126815574271,1
2122,0.77615037226901,1
2123,0.791285243500549,1
2124,0.782741364579519,1
2125,0.783839863297937,1
2126,0.782375198340046,1
2127,0.75454656414012,1
2128,0.703649456853411,0
2129,0.670206273648236,0
2130,0.67154888319297,0
2131,0.695349688758697,0
2132,0.702306847308678,0
2133,0.693518857561333,0
2134,0.689246918100818,0
2135,0.692786525082387,0
2136,0.704503844745515,0
2137,0.690345416819236,0
2138,0.698767240327108,0
2139,0.708531673379714,0
2140,0.728426705724399,0
2141,0.728670816550714,0
2142,0.713535945319175,0
2143,0.768827047479556,1
2144,0.766141828390089,1
2145,0.777370926400586,1
2146,0.757842060295374,1
2147,0.744293909434883,0
2148,0.759306725253265,1
2149,0.779323813011107,1
2150,0.773221042353228,1
2151,0.774807762724277,1
2152,0.803490784816307,1
2153,0.745880629805932,0
2154,0.770291712437447,1
2155,0.769681435371659,1
2156,0.785914805321616,1
2157,0.792994019284755,1
2158,0.782863419992677,1
2159,0.768582936653241,1
2160,0.765165385084829,1
2161,0.790797021847919,1
2162,0.760649334797998,1
2163,0.703039179787624,0
2164,0.744538020261199,0
2165,0.722079824240205,0
2166,0.767362382521665,1
2167,0.742218967411205,0
2168,0.758208226534847,1
2169,0.72683998535335,0
2170,0.710362504577078,0
2171,0.739045526669108,0
2172,0.751739289637495,1
2173,0.75552300744538,1
2174,0.748077627242768,0
2175,0.768949102892713,1
2176,0.744538020261199,0
2177,0.804101061882095,1
2178,0.794580739655804,1
2179,0.740510191626999,0
2180,0.775295984376907,1
2181,0.846210179421457,1
2182,0.849749786403027,1
2183,0.858415720737215,1
2184,0.804589283534725,1
2185,0.770047601611132,1
2186,0.711827169534969,0
2187,0.745880629805932,0
2188,0.696814353716587,0
2189,0.711461003295496,0
2190,0.739899914561211,0
2191,0.756987672403271,1
2192,0.76809471500061,1
2193,0.853533504210912,1
2194,0.852312950079336,1
2195,0.864762602221409,1
2196,0.854998169168803,1
2197,0.854387892103015,1
2198,0.848407176858294,1
2199,0.86720371048456,1
2200,0.847186622726718,1
2201,0.828878310753082,1
2202,0.829732698645185,1
2203,0.824606371292567,1
2204,0.844379348224094,1
2205,0.826803368729403,1
2206,0.840107408763579,1
2207,0.821310875137312,1
2208,0.819846210179421,1
2209,0.841938239960942,1
2210,0.83046503112413,1
2211,0.820212376418894,1
2212,0.811302331258391,1
2213,0.824240205053094,1
2214,0.828512144513609,1
2215,0.843647015745148,1
2216,0.801659953618943,1
2217,0.775418039790065,1
2218,0.756133284511168,1
2219,0.741242524105944,0
2220,0.911143659221286,1
2221,0.774075430245331,1
2222,0.797021847918955,1
2223,0.765531551324301,1
2224,0.748321738069083,0
2225,0.79177346515318,1
2226,0.779323813011107,1
2227,0.790430855608446,1
2228,0.812278774563652,1
2229,0.811302331258391,1
2230,0.820700598071525,1
2231,0.802392286097888,1
2232,0.788600024411083,1
2233,0.821188819724155,1
2234,0.751129012571708,1
2235,0.757475894055901,1
2236,0.750640790919077,1
2237,0.747711461003296,0
2238,0.758940559013792,1
2239,0.8219211522031,1
2240,0.816062492371537,1
2241,0.85512022458196,1
2242,0.836933968021482,1
2243,0.838398632979373,1
2244,0.813499328695228,1
2245,0.851824728426706,1
2246,0.868790430855608,1
2247,0.827657756621506,1
2248,0.837178078847797,1
2249,0.829244476992555,1
2250,0.834736970584645,1
2251,0.824850482118882,1
2252,0.833760527279385,1
2253,0.842182350787257,1
2254,0.858293665324057,1
2255,0.840717685829367,1
2256,0.8541437812767,1
2257,0.82546075918467,1
2258,0.781764921274259,1
2259,0.785182472842671,1
2260,0.812034663737337,1
2261,0.792994019284755,1
2262,0.824118149639937,1
2263,0.80080556572684,1
2264,0.816550714024167,1
2265,0.829122421579397,1
2266,0.796533626266325,1
2267,0.778591480532162,1
2268,0.798608568290004,1
2269,0.808495056755767,1
2270,0.796655681679483,1
2271,0.798852679116319,1
2272,0.79628951544001,1
2273,0.774929818137434,1
2274,0.807030391797876,1
2275,0.786769193213719,1
2276,0.817160991089955,1
2277,0.823751983400464,1
2278,0.805443671426828,1
2279,0.837422189674112,1
2280,0.74649090687172,0
2281,0.709141950445502,0
2282,0.658366898571952,0
2283,0.656658122787746,0
2284,0.640180642011473,0
2285,0.666544611253509,0
2286,0.704259733919199,0
2287,0.73440742096912,0
2288,0.710606615403393,0
2289,0.725009154155987,0
2290,0.662028560966679,0
2291,0.793116074697913,1
2292,0.801659953618943,1
2293,0.809227389234713,1
2294,0.797632124984743,1
2295,0.765165385084829,1
2296,0.824484315879409,1
2297,0.791529354326864,1
2298,0.795923349200537,1
2299,0.828268033687294,1
2300,0.78066642255584,1
2301,0.820700598071525,1
2302,0.819602099353106,1
2303,0.827413645795191,1
2304,0.8138654949347,1
2305,0.827657756621506,1
2306,0.830709141950446,1
2307,0.807152447211034,1
2308,0.806664225558404,1
2309,0.818625656047846,1
2310,0.80129378737947,1
2311,0.824484315879409,1
2312,0.766630050042719,1
2313,0.732332478945441,0
2314,0.798486512876846,1
2315,0.777859148053216,1
2316,0.720004882216526,0
2317,0.70474795557183,0
2318,0.679848651287685,0
2319,0.712437446600757,0
2320,0.690345416819236,0
2321,0.749664347613817,1
2322,0.752105455876968,1
2323,0.751739289637495,1
2324,0.770657878676919,1
2325,0.786891248626877,1
2326,0.783961918711095,1
2327,0.801782009032101,1
2328,0.789210301476871,1
2329,0.796411570853167,1
2330,0.723178322958623,0
2331,0.754790674966435,1
2332,0.661174173074576,0
2333,0.697790797021848,0
2334,0.70523617722446,0
2335,0.730745758574393,0
2336,0.734285365555962,0
2337,0.811912608324179,1
2338,0.794824850482119,1
2339,0.773465153179544,1
2340,0.787623581105822,1
2341,0.819113877700476,1
2342,0.843524960331991,1
2343,0.824362260466252,1
2344,0.843647015745148,1
2345,0.857927499084584,1
2346,0.872940314902966,1
2347,0.777981203466374,1
2348,0.781032588795313,1
2349,0.766507994629562,1
2350,0.837666300500427,1
2351,0.792627853045283,1
2352,0.881850360063469,1
2353,0.780544367142683,1
2354,0.787501525692665,1
2355,0.690711583058709,0
2356,0.717075552300745,0
2357,0.76809471500061,1
2358,0.841083852068839,1
2359,0.880141584279263,1
2360,0.842670572439888,1
2361,0.87525936775296,1
2362,0.913584767484438,1
2363,0.904064445258147,1
2364,0.893445624313438,1
2365,0.848895398510924,1
2366,0.861711216892469,1
2367,0.830709141950446,1
2368,0.871841816184548,1
2369,0.872330037837178,1
2370,0.869522763334554,1
2371,0.857317222018797,1
2372,0.864884657634566,1
2373,0.864884657634566,1
2374,0.8380324667399,1
2375,0.83046503112413,1
2376,0.776882704747956,1
2377,0.789576467716343,1
2378,0.704625900158672,0
2379,0.668253387037715,0
2380,0.67704137678506,0
2381,0.66849749786403,0
2382,0.742829244476993,0
2383,0.771268155742707,1
2384,0.736848529232272,0
2385,0.701330404003418,0
2386,0.773587208592701,1
2387,0.751983400463811,1
2388,0.77212254363481,1
2389,0.793970462590016,1
2390,0.782375198340046,1
2391,0.751861345050653,1
2392,0.756377395337483,1
2393,0.750640790919077,1
2394,0.737824972537532,0
2395,0.784328084950568,1
2396,0.787501525692665,1
2397,0.811058220432076,1
2398,0.777737092640059,1
2399,0.763700720126938,1
2400,0.750762846332235,1
2401,0.755400952032223,1
2402,0.753936287074332,1
2403,0.745880629805932,0
2404,0.730745758574393,0
2405,0.769071158305871,1
2406,0.738313194190162,0
2407,0.737458806298059,0
2408,0.734529476382278,0
2409,0.725131209569144,0
2410,0.733553033077017,0
2411,0.746124740632247,0
2412,0.760771390211156,1
2413,0.748199682655926,0
2414,0.720615159282314,0
2415,0.707799340900769,0
2416,0.757842060295374,1
2417,0.740021969974368,0
2418,0.736482362992799,0
2419,0.712559502013914,0
2420,0.760405223971683,1
2421,0.768582936653241,1
2422,0.743195410716465,0
2423,0.757964115708532,1
2424,0.752715732942756,1
2425,0.765287440497986,1
2426,0.701940681069205,0
2427,0.68106920541926,0
2428,0.67704137678506,0
2429,0.704381789332357,0
2430,0.745636518979617,0
2431,0.750396680092762,1
2432,0.707067008421824,0
2433,0.625045770779934,0
2434,0.639692420358843,0
2435,0.629439765653607,0
2436,0.651165629195655,0
2437,0.714512388624436,0
2438,0.765775662150616,1
2439,0.787013304040034,1
2440,0.758330281948004,1
2441,0.724398877090199,0
2442,0.756255339924326,1
2443,0.737702917124374,0
2444,0.731844257292811,0
2445,0.677895764677164,0
2446,0.669962162821921,0
2447,0.722690101305993,0
2448,0.691199804711339,0
2449,0.699987794458684,0
2450,0.654583180764067,0
2451,0.665446112535091,0
2452,0.690589527645551,0
2453,0.782741364579519,1
2454,0.79274990845844,1
2455,0.770047601611132,1
2456,0.777004760161113,1
2457,0.779079702184792,1
2458,0.811180275845234,1
2459,0.808983278408397,1
2460,1,1
2461,0.871475649945075,1
2462,0.885878188697669,1
2463,0.895276455510802,1
2464,0.886610521176614,1
2465,0.934700353960698,1
2466,0.907726107652875,1
2467,0.910289271329183,1
2468,0.911265714634444,1
2469,0.828756255339924,1
2470,0.838398632979373,1
2471,0.808983278408397,1
2472,0.794336628829489,1
2473,0.796045404613695,1
2474,0.781032588795313,1
2475,0.715488831929696,0
2476,0.683266202856097,0
2477,0.720371048455999,0
2478,0.699743683632369,0
2479,0.738313194190162,0
2480,0.752715732942756,1
2481,0.74295129989015,0
2482,0.787135359453192,1
2483,0.772366654461125,1
2484,0.722079824240205,0
2485,0.782009032100574,1
2486,0.764433052605883,1
2487,0.753081899182229,1
2488,0.728426705724399,0
2489,0.734773587208593,0
2490,0.696570242890272,0
2491,0.730013426095447,0
2492,0.733675088490175,0
2493,0.718418161845478,0
2494,0.748321738069083,0
2495,0.690833638471866,0
2496,0.736482362992799,0
2497,0.745880629805932,0
2498,0.76309044306115,1
2499,0.743927743195411,0
2500,0.740998413279629,0
2501,0.751739289637495,1
2502,0.739167582082265,0
2503,0.736848529232272,0
2504,0.725497375808617,0
2505,0.744904186500671,0
2506,0.765653606737459,1
2507,0.749664347613817,1
2508,0.756865616990113,1
2509,0.754058342487489,1
2510,0.753326010008544,1
2511,0.730013426095447,0
2512,0.775906261442695,1
2513,0.773587208592701,1
2514,0.766874160869035,1
2515,0.738557305016478,0
2516,0.739899914561211,0
2517,0.785548639082143,1
2518,0.794702795068961,1
2519,0.759672891492738,1
2520,0.791407298913707,1
2521,0.775051873550592,1
2522,0.78017820090321,1
2523,0.700964237763945,0
2524,0.682533870377151,0
2525,0.702428902721836,0
2526,0.709386061271817,0
2527,0.666666666666667,0
2528,0.683510313682412,0
2529,0.663615281337727,0
2530,0.674112046869279,0
2531,0.678383986329794,0
2532,0.678139875503479,0
2533,0.689002807274503,0
2534,0.71329183449286,0
2535,0.705358232637618,0
2536,0.712071280361284,0
2537,0.697424630782375,0
2538,0.767240327108507,1
2539,0.774075430245331,1
2540,0.757597949469059,1
2541,0.753081899182229,1
2542,0.744049798608568,0
2543,0.715244721103381,0
2544,0.740754302453314,0
2545,0.72940314902966,0
2546,0.732332478945441,0
2547,0.747101183937508,0
2548,0.748809959721714,0
2549,0.771756377395338,1
2550,0.781032588795313,1
2551,0.740876357866471,0
2552,0.783473697058464,1
2553,0.769437324545344,1
2554,0.89588673257659,1
2555,0.843647015745148,1
2556,0.870499206639815,1
2557,0.875625533992433,1
2558,0.837666300500427,1
2559,0.859758330281948,1
2560,0.814841938239961,1
2561,0.968387647992189,1
2562,0.862809715610887,1
2563,0.846820456487245,1
2564,0.807274502624191,1
2565,0.816428658611009,1
2566,0.80532161601367,1
2567,0.796167460026852,1
2568,0.752227511290126,1
2569,0.744782131087514,0
2570,0.706334675942878,0
2571,0.721957768827048,0
2572,0.712193335774442,0
2573,0.686561699011351,0
2574,0.708653728792872,0
2575,0.698279018674478,0
2576,0,0
2577,0.807640668863664,1
2578,0.796533626266325,1
2579,0.835103136824118,1
2580,0.833638471866227,1
2581,0.805687782253143,1
2582,0.781886976687416,1
2583,0.801049676553155,1
2584,0.818259489808373,1
2585,0.812156719150494,1
2586,0.783473697058464,1
2587,0.818625656047846,1
2588,0.820578542658367,1
2589,0.786403026974246,1
2590,0.777492981813743,1
2591,0.790186744782131,1
2592,0.761259611863786,1
2593,0.811668497497864,1
2594,0.810325887953131,1
2595,0.807518613450507,1
2596,0.787623581105822,1
2597,0.809959721713658,1
2598,0.784083974124252,1
2599,0.793970462590016,1
2600,0.794214573416331,1
2601,0.78371780788478,1
2602,0.723544489198096,0
2603,0.734773587208593,0
2604,0.716587330648114,0
2605,0.72586354204809,0
2606,0.727816428658611,0
2607,0.713535945319175,0
2608,0.716465275234957,0
2609,0.72683998535335,0
2610,0.713902111558648,0
2611,0.724642987916514,0
2612,0.713535945319175,0
2613,0.752471622116441,1
2614,0.756865616990113,1
2615,0.744538020261199,0
2616,0.731844257292811,0
2617,0.781642865861101,1
2618,0.722690101305993,0
2619,0.684730867813988,0
2620,0.700231905284999,0
2621,0.720493103869157,0
2622,0.715366776516538,0
2623,0.70975222751129,0
2624,0.686317588185036,0
2625,0.692054192603442,0
2626,0.735139753448065,0
2627,0.751129012571708,1
2628,0.746735017698035,0
2629,0.750030513853289,1
2630,0.805199560600513,1
2631,0.83754424508727,1
2632,0.815330159892591,1
2633,0.814719882826803,1
2634,0.802026119858416,1
2635,0.781520810447943,1
2636,0.829854754058343,1
2637,0.744415964848041,0
2638,0.725009154155987,0
2639,0.765409495911144,1
2640,0.838276577566215,1
2641,0.819235933113634,1
2642,0.783107530818992,1
2643,0.808617112168925,1
2644,0.82497253753204,1
2645,0.823141706334676,1
2646,0.835591358476748,1
2647,0.835225192237276,1
2648,0.844257292810936,1
2649,0.848407176858294,1
2650,0.827291590382033,1
2651,0.838154522153058,1
2652,0.834614915171488,1
2653,0.845355791529354,1
2654,0.777370926400586,1
2655,0.831197363603076,1
2656,0.824362260466252,1
2657,0.732942756011229,0
2658,0.759672891492738,1
2659,0.804955449774198,1
2660,0.762480165995362,1
2661,0.770169657024289,1
2662,0.706090565116563,0
2663,0.687782253142927,0
2664,0.671182716953497,0
2665,0.694251190040278,0
2666,0.678872207982424,0
2667,0.656536067374588,0
2668,0.684730867813988,0
2669,0.675210545587697,0
2670,0.6841205907482,0
2671,0.712315391187599,0
2672,0.637739533748322,0
2673,0.663859392164043,0
2674,0.716831441474429,0
2675,0.771390211155865,1
2676,0.79226168680581,1
2677,0.762480165995362,1
2678,0.812766996216282,1
2679,0.813499328695228,1
2680,0.850848285121445,1
2681,0.814231661174173,1
2682,0.798852679116319,1
2683,0.820212376418894,1
2684,0.811302331258391,1
2685,0.748932015134871,0
2686,0.786525082387404,1
2687,0.726229708287563,0
2688,0.816428658611009,1